Loan_ID,Farmer_ID,Enterprise_ID,Loan_Amount_Naira,Interest_Rate_Annual,Loan_Date,Loan_Use_Status_As_Intended,Loan_Repayment_Amount_Naira,Repayment_Date,Duration_Months,Loan_Use_Duration_Months,Credit_Worthiness_Status,Loan_Asset_Ratio,OpEx_Income_Ratio,Loan_Source,Loan_Supervision_Frequency_Visits,Distance_to_Lender_km,Disbursement_Lag_Months,Has_Defaulted,Default_Reason
L00000001,NGF000001,E0000001,220000.0,0.2,2025-02-03,,0.0,2027-02-03,24,0,Fair,2.3656,0.027,Bank,0,98.5,0,False,
L00000002,NGF000002,E0000003,1575000.0,0.16,2025-02-21,,0.0,2026-02-21,12,0,Fair,3.0,0.0377,BOA,0,87.5,2,False,
L00000003,NGF000003,E0000004,65000.0,0.23,2025-01-11,,0.0,2025-10-11,9,0,Fair,0.1073,0.3211,Fintech Platform,0,7.3,2,False,
L00000004,NGF000004,E0000005,348000.0,0.27,2022-11-20,False,170520.0,2025-11-20,36,34,Non-creditworthy,0.4696,0.1485,Microfinance,0,107.5,3,True,Illness
L00000005,NGF000005,E0000006,115000.0,0.14,2025-03-23,,0.0,2026-09-23,18,0,Good,0.935,0.1724,Bank,0,24.5,1,False,
L00000006,NGF000006,E0000007,429000.0,0.3,2024-08-02,False,205920.0,2026-08-02,24,19,Non-creditworthy,0.3743,0.2384,Microfinance,1,112.9,0,True,Market Loss
L00000007,NGF000006,E0000007,1890000.0,0.1,2025-01-23,,0.0,2025-04-23,3,0,Very Poor,1.6492,0.2384,Microfinance,0,112.9,0,True,Predicted Illness
L00000008,NGF000007,E0000008,225000.0,0.22,2025-01-13,,0.0,2026-07-13,18,0,Excellent,1.0,0.1662,Fintech Platform,0,52.1,0,False,
L00000009,NGF000008,E0000009,300000.0,0.39,2024-05-16,True,177000.0,2024-12-16,7,6,Non-creditworthy,0.5988,0.0491,Microfinance,0,25.5,1,False,
L00000010,NGF000010,E0000012,365000.0,0.16,2025-03-29,,0.0,2025-06-29,3,0,Good,0.529,0.2505,Microfinance,0,121.5,0,False,
L00000011,NGF000011,E0000013,1545000.0,0.3,2025-03-12,,0.0,2025-12-12,9,0,Poor,1.5327,0.1761,Fintech Platform,0,103.0,1,False,
L00000012,NGF000012,E0000015,380000.0,0.12,2025-04-10,,0.0,2025-10-10,6,0,Good,3.8384,0.1145,Fintech Platform,0,79.3,0,False,
L00000013,NGF000013,E0000016,162000.0,0.28,2024-11-15,False,102060.0,2026-11-15,24,20,Non-creditworthy,0.7714,1.0126,Informal Lender,2,13.6,0,False,
L00000014,NGF000015,E0000019,1250000.0,0.27,2025-01-22,,0.0,2025-10-22,9,0,Excellent,0.8384,0.5142,Cooperative,0,91.1,2,False,
L00000015,NGF000016,E0000020,395000.0,0.3,2025-03-29,,0.0,2026-03-29,12,0,Good,2.5321,0.1903,Bank,0,104.9,0,False,
L00000016,NGF000017,E0000021,185000.0,0.16,2025-04-08,,0.0,2026-04-08,12,0,Fair,0.6066,0.2349,BOA,0,50.7,0,False,
L00000017,NGF000019,E0000024,565000.0,0.28,2025-02-13,,0.0,2026-02-13,12,0,Good,0.775,0.151,Cooperative,0,43.2,2,False,
L00000018,NGF000021,E0000028,138000.0,0.19,2024-12-18,True,89700.0,2027-06-18,30,26,Non-creditworthy,0.1685,0.5593,Cooperative,0,67.0,3,False,
L00000019,NGF000021,E0000028,455000.0,0.22,2025-01-09,,0.0,2025-07-09,6,0,Good,0.5556,0.5593,Cooperative,0,67.0,0,False,
L00000020,NGF000023,E0000030,125000.0,0.12,2025-04-12,,0.0,2026-01-12,9,0,Poor,0.6614,0.4163,Cooperative,0,138.5,2,False,
L00000021,NGF000025,E0000033,6645000.0,0.31,2025-02-28,,0.0,2026-02-28,12,0,Poor,6.263,0.0476,Fintech Platform,0,10.8,1,False,
L00000022,NGF000026,E0000034,75000.0,0.18,2025-03-30,,0.0,2025-06-30,3,0,Fair,0.4717,0.3385,BOA,0,78.1,2,False,
L00000023,NGF000028,E0000037,226000.0,0.16,2025-01-31,False,110740.0,2027-07-31,30,29,Non-creditworthy,1.7519,0.0633,Bank,0,92.8,0,True,Illness
L00000024,NGF000028,E0000037,840000.0,0.2,2025-01-07,,0.0,2026-07-07,18,0,Very Poor,6.5116,0.0633,Bank,0,92.8,2,False,
L00000025,NGF000031,E0000042,2835000.0,0.32,2025-01-12,,0.0,2027-01-12,24,0,Good,5.7975,0.0357,Bank,0,104.3,1,False,
L00000026,NGF000033,E0000046,1310000.0,0.16,2025-04-04,,0.0,2026-04-04,12,0,Fair,7.7059,0.0488,Bank,0,57.8,1,False,
L00000027,NGF000034,E0000047,300000.0,0.27,2025-03-19,,0.0,2027-03-19,24,0,Good,0.9009,0.2617,Fintech Platform,0,111.2,2,False,
L00000028,NGF000035,E0000048,250000.0,0.16,2025-03-24,,0.0,2025-12-24,9,0,Poor,1.8939,0.4034,Fintech Platform,0,91.0,2,False,
L00000029,NGF000036,E0000049,335000.0,0.34,2025-01-21,,0.0,2027-01-21,24,0,Fair,1.8011,0.3961,BOA,0,132.1,2,False,
L00000030,NGF000037,E0000050,460000.0,0.26,2025-04-06,,0.0,2025-10-06,6,0,Good,2.6437,0.1339,BOA,0,8.2,1,False,
L00000031,NGF000040,E0000053,123000.0,0.26,2024-03-27,True,104550.0,2024-09-27,6,5,Creditworthy,0.173,0.292,Cooperative,1,102.5,1,False,
L00000032,NGF000042,E0000057,315000.0,0.18,2025-01-15,,0.0,2026-07-15,18,0,Excellent,2.8378,0.0391,Fintech Platform,0,98.4,0,False,
L00000033,NGF000043,E0000058,130000.0,0.14,2025-01-16,,0.0,2025-10-16,9,0,Fair,0.3308,0.2623,Bank,0,22.3,1,False,
L00000034,NGF000044,E0000059,152000.0,0.39,2023-09-20,True,118560.0,2025-08-20,23,23,Non-creditworthy,0.3593,0.4187,BOA,2,9.2,1,False,
L00000035,NGF000046,E0000061,145000.0,0.18,2025-04-29,,0.0,2025-07-29,3,0,Fair,0.3867,0.6495,Fintech Platform,0,106.4,0,False,
L00000036,NGF000049,E0000066,505000.0,0.14,2025-01-29,,0.0,2026-07-29,18,0,Fair,1.4638,0.2882,Bank,0,74.3,0,False,
L00000037,NGF000050,E0000068,440000.0,0.16,2025-01-13,,0.0,2026-07-13,18,0,Good,0.824,0.2431,BOA,0,15.1,0,False,
L00000038,NGF000051,E0000070,325000.0,0.27,2022-11-20,False,243750.0,2024-09-20,22,19,Non-creditworthy,0.5208,0.0378,Informal Lender,3,24.3,2,False,
L00000039,NGF000052,E0000072,40000.0,0.17,2025-02-23,,0.0,2025-08-23,6,0,Poor,0.6349,0.8333,Fintech Platform,0,47.9,2,False,
L00000040,NGF000054,E0000076,3535000.0,0.29,2025-05-02,,0.0,2025-11-02,6,0,Fair,4.6946,0.0289,Microfinance,0,16.7,0,False,
L00000041,NGF000055,E0000078,34000.0,0.4,2025-01-15,True,22440.0,2026-07-15,18,16,Non-creditworthy,0.3333,0.1975,Cooperative,4,27.2,0,False,
L00000042,NGF000056,E0000079,61000.0,0.17,2024-11-02,True,42700.0,2026-06-02,19,18,Non-creditworthy,0.7262,0.0405,Microfinance,3,91.8,0,False,
L00000043,NGF000057,E0000080,294000.0,0.38,2024-09-05,False,179340.0,2025-05-05,8,8,Non-creditworthy,0.5475,0.1487,Cooperative,0,40.9,1,False,
L00000044,NGF000059,E0000083,341000.0,0.37,2023-09-25,True,194370.0,2025-06-25,21,18,Non-creditworthy,0.4837,0.2123,Cooperative,3,137.8,3,False,
L00000045,NGF000059,E0000083,715000.0,0.12,2025-03-15,,0.0,2026-03-15,12,0,Poor,1.0142,0.2123,Microfinance,0,137.8,2,False,
L00000046,NGF000060,E0000085,215000.0,0.2,2024-11-21,False,133300.0,2027-06-21,31,30,Non-creditworthy,0.5348,0.3239,Informal Lender,4,69.7,1,False,
L00000047,NGF000060,E0000085,285000.0,0.14,2025-04-14,,0.0,2026-04-14,12,0,Good,0.709,0.3239,Cooperative,0,69.7,1,False,
L00000048,NGF000062,E0000088,915000.0,0.26,2025-02-27,,0.0,2026-08-27,18,0,Very Good,0.8206,0.5981,Cooperative,0,88.7,2,False,
L00000049,NGF000063,E0000089,2320000.0,0.31,2025-03-30,,0.0,2025-06-30,3,0,Very Good,2.5355,0.0264,Fintech Platform,0,45.4,2,False,
L00000050,NGF000065,E0000092,259000.0,0.31,2024-07-01,False,230510.0,2025-10-01,15,13,Creditworthy,0.881,0.0163,Informal Lender,1,132.8,1,False,
L00000051,NGF000066,E0000093,155000.0,0.14,2025-04-28,,0.0,2025-07-28,3,0,Poor,0.25,0.6312,Fintech Platform,0,26.7,2,False,
L00000052,NGF000067,E0000094,170000.0,0.29,2024-03-06,True,98600.0,2026-07-06,28,24,Non-creditworthy,1.3821,0.1295,Cooperative,1,91.2,2,False,
L00000053,NGF000068,E0000095,298000.0,0.14,2022-10-09,False,235420.0,2025-10-09,36,34,Non-creditworthy,0.6094,0.0359,Bank,2,139.7,3,False,
L00000054,NGF000069,E0000096,65000.0,0.19,2025-01-23,,0.0,2027-01-23,24,0,Good,1.8056,0.0247,Bank,0,31.3,2,False,
L00000055,NGF000070,E0000097,245000.0,0.19,2025-02-18,False,142100.0,2027-10-18,32,26,Non-creditworthy,0.5765,0.0312,Cooperative,2,94.9,3,False,
L00000056,NGF000070,E0000097,905000.0,0.19,2025-05-07,,0.0,2026-05-07,12,0,Good,2.1294,0.0312,Microfinance,0,94.9,2,False,
L00000057,NGF000071,E0000098,310000.0,0.37,2024-09-10,False,130200.0,2025-08-10,11,10,Non-creditworthy,0.5175,0.2483,Bank,0,17.0,1,True,Diversion of Funds
L00000058,NGF000071,E0000098,330000.0,0.26,2025-02-11,,0.0,2026-08-11,18,0,Very Poor,0.5509,0.2483,Cooperative,0,17.0,2,True,Predicted Low Yield
L00000059,NGF000072,E0000099,17940000.0,0.14,2025-03-25,,0.0,2026-03-25,12,0,Poor,20.2712,0.023,Bank,0,10.2,1,False,
L00000060,NGF000073,E0000101,120000.0,0.15,2025-03-29,,0.0,2025-09-29,6,0,Good,0.8696,0.7524,Microfinance,0,105.8,1,False,
L00000061,NGF000075,E0000104,30000.0,0.12,2025-02-14,,0.0,2026-02-14,12,0,Fair,0.098,0.7761,Cooperative,0,127.1,1,False,
L00000062,NGF000076,E0000105,400000.0,0.22,2025-03-22,,0.0,2026-03-22,12,0,Very Good,3.1008,0.4538,BOA,0,129.9,0,False,
L00000063,NGF000077,E0000106,50000.0,0.11,2025-03-07,,0.0,2027-03-07,24,0,Poor,0.3968,0.4607,BOA,0,65.4,0,False,
L00000064,NGF000078,E0000108,580000.0,0.13,2025-03-30,,0.0,2025-12-30,9,0,Good,1.7262,0.1684,BOA,0,35.4,0,False,
L00000065,NGF000079,E0000109,83000.0,0.21,2024-01-17,True,67230.0,2026-05-17,28,25,Creditworthy,0.9881,0.4173,Informal Lender,3,13.4,0,False,
L00000066,NGF000080,E0000110,102000.0,0.37,2024-02-13,True,52020.0,2025-04-13,14,12,Non-creditworthy,0.2099,0.2177,Cooperative,2,5.2,3,True,Diversion of Funds
L00000067,NGF000082,E0000112,80000.0,0.32,2025-01-19,,0.0,2026-07-19,18,0,Very Good,1.0667,0.0289,Fintech Platform,0,88.2,2,False,
L00000068,NGF000083,E0000113,403000.0,0.18,2023-09-05,True,265980.0,2024-03-05,6,6,Non-creditworthy,0.274,0.2484,BOA,3,26.4,1,False,
L00000069,NGF000084,E0000114,4840000.0,0.17,2025-03-24,,0.0,2025-12-24,9,0,Good,4.8594,0.0251,Fintech Platform,0,96.2,1,False,
L00000070,NGF000085,E0000116,21000.0,0.34,2023-09-05,False,15750.0,2025-03-05,18,16,Non-creditworthy,0.0808,0.4113,Microfinance,3,7.6,1,False,
L00000071,NGF000085,E0000116,50000.0,0.14,2025-02-19,,0.0,2025-11-19,9,0,Good,0.1923,0.4113,BOA,0,7.6,1,False,
L00000072,NGF000087,E0000119,1255000.0,0.18,2025-03-14,,0.0,2026-09-14,18,0,Fair,0.7648,0.2665,Fintech Platform,0,46.3,2,False,
L00000073,NGF000088,E0000121,145000.0,0.31,2022-12-31,False,133400.0,2023-08-31,8,8,Creditworthy,0.2965,0.3579,Cooperative,0,146.5,1,False,
L00000074,NGF000088,E0000121,105000.0,0.34,2025-04-03,,0.0,2026-04-03,12,0,Good,0.2147,0.3579,Fintech Platform,0,146.5,0,False,
L00000075,NGF000089,E0000123,30000.0,0.31,2025-01-14,,0.0,2025-10-14,9,0,Fair,0.375,0.1587,BOA,0,51.9,2,False,
L00000076,NGF000092,E0000128,181000.0,0.25,2022-09-26,False,123080.0,2024-10-26,25,23,Non-creditworthy,1.8854,0.0655,Microfinance,4,17.1,0,False,
L00000077,NGF000093,E0000129,1155000.0,0.31,2025-01-17,,0.0,2026-07-17,18,0,Good,2.5218,0.0257,Fintech Platform,0,57.7,1,False,
L00000078,NGF000094,E0000130,162000.0,0.36,2022-09-29,False,115020.0,2025-01-29,28,25,Non-creditworthy,0.2769,0.5962,Cooperative,0,10.1,0,False,
L00000079,NGF000095,E0000131,160000.0,0.33,2025-03-25,,0.0,2025-09-25,6,0,Fair,0.1327,0.1636,BOA,0,48.7,2,False,
L00000080,NGF000096,E0000133,745000.0,0.22,2025-01-19,,0.0,2026-01-19,12,0,Poor,1.7995,0.1378,Fintech Platform,0,121.9,0,False,
L00000081,NGF000097,E0000134,25000.0,0.18,2025-03-14,,0.0,2025-06-14,3,0,Fair,0.0781,0.2218,Cooperative,0,11.7,2,False,
L00000082,NGF000100,E0000138,1550000.0,0.23,2025-01-26,,0.0,2025-07-26,6,0,Fair,2.2302,0.0386,Fintech Platform,0,93.0,1,False,
L00000083,NGF000101,E0000139,305000.0,0.12,2025-04-19,,0.0,2025-07-19,3,0,Good,0.9159,0.2729,Microfinance,0,48.0,1,False,
L00000084,NGF000102,E0000140,297000.0,0.2,2022-08-09,True,178200.0,2025-05-09,33,33,Non-creditworthy,0.6037,0.3556,Cooperative,3,99.3,2,False,
L00000085,NGF000104,E0000142,230000.0,0.17,2024-11-04,False,119600.0,2027-10-04,35,34,Non-creditworthy,1.5333,0.0318,Microfinance,0,81.1,1,True,Diversion of Funds
L00000086,NGF000104,E0000142,465000.0,0.18,2025-04-20,,0.0,2026-04-20,12,0,Poor,3.1,0.0318,Bank,0,81.1,0,False,
L00000087,NGF000105,E0000144,266000.0,0.32,2024-09-26,False,228760.0,2026-02-26,17,17,Creditworthy,0.4368,0.2738,Cooperative,2,146.9,3,False,
L00000088,NGF000107,E0000148,5980000.0,0.1,2025-03-06,,0.0,2025-12-06,9,0,Good,5.5576,0.0424,Fintech Platform,0,76.7,1,False,
L00000089,NGF000108,E0000149,130000.0,0.19,2025-01-24,,0.0,2026-01-24,12,0,Poor,1.3978,0.0534,Microfinance,0,95.3,0,False,
L00000090,NGF000109,E0000151,1420000.0,0.14,2025-03-21,,0.0,2027-03-21,24,0,Fair,2.7734,0.0357,Bank,0,58.7,0,False,
L00000091,NGF000111,E0000153,110000.0,0.2,2025-03-10,,0.0,2025-06-10,3,0,Good,0.8594,0.2453,Cooperative,0,75.2,1,False,
L00000092,NGF000112,E0000154,85000.0,0.2,2025-03-24,,0.0,2025-06-24,3,0,Poor,0.2099,0.2615,Bank,0,44.2,0,False,
L00000093,NGF000113,E0000155,270000.0,0.12,2025-01-10,,0.0,2026-07-10,18,0,Poor,0.5882,0.5613,Microfinance,0,58.6,1,False,
L00000094,NGF000114,E0000156,420000.0,0.23,2023-07-28,True,327600.0,2025-06-28,23,23,Non-creditworthy,0.3825,0.3888,Cooperative,2,3.9,2,False,
L00000095,NGF000115,E0000158,355000.0,0.19,2025-04-27,,0.0,2027-04-27,24,0,Good,4.2262,0.1111,Cooperative,0,96.7,0,False,
L00000096,NGF000117,E0000160,45000.0,0.1,2025-03-02,,0.0,2025-09-02,6,0,Poor,0.3659,0.1992,Cooperative,0,129.9,1,False,
L00000097,NGF000120,E0000164,145000.0,0.3,2025-03-10,,0.0,2025-12-10,9,0,Very Good,2.197,0.4052,Microfinance,0,74.9,1,False,
L00000098,NGF000123,E0000170,160000.0,0.28,2025-01-21,,0.0,2027-01-21,24,0,Good,0.9756,0.4438,Cooperative,0,41.4,1,False,
L00000099,NGF000124,E0000171,385000.0,0.33,2025-04-23,,0.0,2025-10-23,6,0,Fair,1.1192,0.1145,Microfinance,0,68.5,0,False,
L00000100,NGF000126,E0000173,90000.0,0.3,2025-04-09,,0.0,2027-04-09,24,0,Poor,0.7143,0.181,BOA,0,53.1,0,False,
L00000101,NGF000127,E0000174,355000.0,0.31,2025-02-11,,0.0,2026-02-11,12,0,Good,1.1378,0.2151,BOA,0,61.0,0,False,
L00000102,NGF000128,E0000175,253000.0,0.33,2023-01-03,True,118910.0,2024-03-03,14,13,Non-creditworthy,0.9476,0.1544,Bank,3,19.1,3,True,Illness
L00000103,NGF000128,E0000175,95000.0,0.23,2025-04-04,,0.0,2026-01-04,9,0,Poor,0.3558,0.1544,Fintech Platform,0,19.1,2,False,
L00000104,NGF000132,E0000181,20000.0,0.18,2023-04-21,True,10000.0,2024-08-21,16,14,Non-creditworthy,0.6667,0.3056,BOA,4,119.6,1,True,Low Yield
L00000105,NGF000132,E0000181,50000.0,0.14,2025-01-22,,0.0,2025-07-22,6,0,Poor,1.6667,0.3056,Cooperative,0,119.6,1,False,
L00000106,NGF000134,E0000183,295000.0,0.13,2025-03-09,,0.0,2026-09-09,18,0,Fair,0.2679,0.2358,Fintech Platform,0,3.1,1,False,
L00000107,NGF000135,E0000185,174000.0,0.31,2024-09-18,True,165300.0,2026-08-18,23,19,Creditworthy,0.3791,0.1759,Cooperative,4,50.0,1,False,
L00000108,NGF000135,E0000185,505000.0,0.32,2025-03-13,,0.0,2026-09-13,18,0,Excellent,1.1002,0.1759,Microfinance,0,50.0,0,False,
L00000109,NGF000136,E0000186,215000.0,0.25,2025-01-23,,0.0,2026-07-23,18,0,Excellent,1.2647,0.2963,BOA,0,82.4,1,False,
L00000110,NGF000137,E0000188,204000.0,0.36,2023-07-14,True,177480.0,2026-05-14,34,33,Creditworthy,0.9231,0.0565,Informal Lender,3,23.1,0,False,
L00000111,NGF000137,E0000188,420000.0,0.35,2025-04-22,,0.0,2026-04-22,12,0,Very Good,1.9005,0.0565,BOA,0,23.1,2,False,
L00000112,NGF000139,E0000192,35000.0,0.34,2025-02-13,,0.0,2026-02-13,12,0,Fair,0.1316,0.1357,Microfinance,0,13.3,0,False,
L00000113,NGF000140,E0000193,35000.0,0.21,2024-03-04,True,30800.0,2026-08-04,29,24,Creditworthy,0.2059,0.4797,Bank,3,61.7,3,False,
L00000114,NGF000140,E0000193,40000.0,0.15,2025-04-19,,0.0,2027-04-19,24,0,Excellent,0.2353,0.4797,Fintech Platform,0,61.7,1,False,
L00000115,NGF000141,E0000194,245000.0,0.13,2024-12-28,False,105350.0,2027-04-28,28,26,Non-creditworthy,0.6282,0.1221,Cooperative,3,122.2,3,True,Illness
L00000116,NGF000141,E0000194,155000.0,0.17,2025-04-30,,0.0,2025-10-30,6,0,Very Poor,0.3974,0.1221,Microfinance,0,122.2,1,False,
L00000117,NGF000142,E0000195,135000.0,0.21,2025-05-05,,0.0,2026-05-05,12,0,Good,1.875,0.0383,Fintech Platform,0,138.3,0,False,
L00000118,NGF000145,E0000200,780000.0,0.29,2025-04-19,,0.0,2027-04-19,24,0,Poor,0.6103,0.8909,Bank,0,81.4,1,False,
L00000119,NGF000146,E0000201,143000.0,0.3,2022-06-17,False,122980.0,2023-12-17,18,18,Creditworthy,0.3505,0.329,Microfinance,4,121.4,3,False,
L00000120,NGF000148,E0000203,860000.0,0.27,2025-04-29,,0.0,2026-04-29,12,0,Fair,1.3984,0.3271,BOA,0,21.8,1,False,
L00000121,NGF000150,E0000205,20000.0,0.26,2025-02-22,False,13000.0,2026-10-22,20,18,Non-creditworthy,0.5128,0.2083,Microfinance,0,60.6,3,False,
L00000122,NGF000150,E0000205,25000.0,0.14,2025-02-21,,0.0,2027-02-21,24,0,Good,0.641,0.2083,Microfinance,0,60.6,2,False,
L00000123,NGF000152,E0000209,244000.0,0.33,2022-06-21,False,117120.0,2023-12-21,18,15,Non-creditworthy,1.1142,0.0286,BOA,3,50.3,2,True,Market Loss
L00000124,NGF000153,E0000211,275000.0,0.25,2023-02-12,False,145750.0,2026-01-12,35,33,Non-creditworthy,0.7333,0.0301,Cooperative,1,36.0,3,True,Market Loss
L00000125,NGF000153,E0000211,6300000.0,0.1,2025-02-23,,0.0,2025-08-23,6,0,Poor,16.8,0.0301,Cooperative,0,36.0,2,False,
L00000126,NGF000157,E0000217,181000.0,0.24,2025-05-03,False,110410.0,2028-03-03,34,30,Non-creditworthy,1.7238,0.1572,Microfinance,2,18.0,1,False,
L00000127,NGF000158,E0000218,66000.0,0.2,2023-08-30,False,51480.0,2024-05-30,9,8,Non-creditworthy,0.8462,0.149,Informal Lender,2,120.9,2,False,
L00000128,NGF000160,E0000221,645000.0,0.21,2025-03-07,,0.0,2025-09-07,6,0,Excellent,2.9186,0.1818,Cooperative,0,92.2,1,False,
L00000129,NGF000161,E0000222,179000.0,0.36,2023-11-04,True,109190.0,2026-07-04,32,30,Non-creditworthy,0.7553,0.1519,BOA,4,126.1,2,False,
L00000130,NGF000162,E0000223,227000.0,0.28,2022-05-17,False,120310.0,2023-02-17,9,9,Non-creditworthy,0.6756,0.1503,Cooperative,3,97.4,1,True,Illness
L00000131,NGF000162,E0000223,495000.0,0.32,2025-02-05,,0.0,2025-11-05,9,0,Poor,1.4732,0.1503,Microfinance,0,97.4,1,False,
L00000132,NGF000163,E0000224,4200000.0,0.28,2025-01-28,,0.0,2026-01-28,12,0,Fair,4.492,0.0369,Fintech Platform,0,71.9,2,False,
L00000133,NGF000164,E0000225,95000.0,0.4,2024-10-03,True,54150.0,2027-10-03,36,33,Non-creditworthy,1.5833,0.152,Microfinance,2,81.0,3,False,
L00000134,NGF000166,E0000227,413000.0,0.3,2025-02-22,True,309750.0,2025-10-22,8,8,Non-creditworthy,0.3845,0.183,Cooperative,1,50.1,1,False,
L00000135,NGF000167,E0000228,255000.0,0.32,2025-03-19,,0.0,2025-09-19,6,0,Fair,0.5414,0.5591,Fintech Platform,0,80.3,1,False,
L00000136,NGF000168,E0000229,72000.0,0.37,2022-08-24,False,54720.0,2023-08-24,12,11,Non-creditworthy,0.1406,0.3902,Microfinance,4,21.8,2,False,
L00000137,NGF000168,E0000229,120000.0,0.22,2025-01-28,,0.0,2026-01-28,12,0,Fair,0.2344,0.3902,Microfinance,0,21.8,2,False,
L00000138,NGF000170,E0000232,1960000.0,0.2,2025-05-03,,0.0,2025-08-03,3,0,Very Good,1.2258,0.2963,Fintech Platform,0,50.4,1,False,
L00000139,NGF000171,E0000234,20000.0,0.28,2022-06-24,False,8400.0,2024-09-24,27,23,Non-creditworthy,0.3333,1.0733,BOA,3,54.2,0,True,Diversion of Funds
L00000140,NGF000171,E0000234,125000.0,0.27,2025-01-18,,0.0,2025-10-18,9,0,Very Poor,2.0833,1.0733,Bank,0,54.2,1,True,Predicted Illness
L00000141,NGF000172,E0000235,173000.0,0.13,2024-08-09,False,74390.0,2026-01-09,17,14,Non-creditworthy,2.6212,0.0335,BOA,4,13.9,3,True,Low Yield
L00000142,NGF000172,E0000235,215000.0,0.13,2025-02-11,,0.0,2025-08-11,6,0,Very Poor,3.2576,0.0335,BOA,0,13.9,1,False,
L00000143,NGF000173,E0000236,140000.0,0.2,2025-03-15,,0.0,2027-03-15,24,0,Fair,0.8187,0.1561,BOA,0,21.4,0,False,
L00000144,NGF000176,E0000242,1280000.0,0.31,2025-03-23,,0.0,2025-09-23,6,0,Good,6.7725,0.0487,BOA,0,96.1,0,False,
L00000145,NGF000179,E0000246,101000.0,0.16,2024-04-11,True,82820.0,2025-11-11,19,17,Creditworthy,0.4449,0.4157,Bank,3,38.0,1,False,
L00000146,NGF000179,E0000246,25000.0,0.25,2025-03-08,,0.0,2025-09-08,6,0,Very Good,0.1101,0.4157,Fintech Platform,0,38.0,2,False,
L00000147,NGF000180,E0000247,180000.0,0.33,2025-01-31,,0.0,2025-07-31,6,0,Poor,0.5714,0.3235,Fintech Platform,0,65.9,0,False,
L00000148,NGF000181,E0000248,265000.0,0.3,2025-03-13,,0.0,2025-09-13,6,0,Poor,0.4484,0.2617,Fintech Platform,0,69.8,2,False,
L00000149,NGF000185,E0000255,167000.0,0.18,2023-09-04,True,136940.0,2026-01-04,28,25,Creditworthy,1.0705,0.119,Cooperative,1,89.2,3,False,
L00000150,NGF000187,E0000258,650000.0,0.12,2025-03-04,,0.0,2025-06-04,3,0,Very Good,1.0433,0.2599,Cooperative,0,5.2,1,False,
L00000151,NGF000189,E0000260,308000.0,0.17,2024-10-05,True,252560.0,2027-05-05,31,27,Creditworthy,0.5704,0.0649,Microfinance,4,43.1,0,False,
L00000152,NGF000191,E0000263,25000.0,0.32,2025-04-26,,0.0,2027-04-26,24,0,Poor,0.2083,0.3851,Cooperative,0,50.8,0,False,
L00000153,NGF000192,E0000265,160000.0,0.22,2025-01-17,,0.0,2025-07-17,6,0,Fair,0.8743,0.2991,Fintech Platform,0,27.8,2,False,
L00000154,NGF000194,E0000268,300000.0,0.21,2025-01-11,,0.0,2025-07-11,6,0,Fair,2.0,0.2806,Microfinance,0,65.1,1,False,
L00000155,NGF000195,E0000269,710000.0,0.19,2025-01-31,,0.0,2025-04-30,3,0,Fair,0.5035,0.4278,Fintech Platform,0,109.9,1,False,
L00000156,NGF000196,E0000271,1160000.0,0.18,2025-01-31,,0.0,2025-07-31,6,0,Fair,3.3333,0.0473,Fintech Platform,0,53.1,2,False,
L00000157,NGF000198,E0000274,1255000.0,0.3,2025-04-30,,0.0,2026-04-30,12,0,Poor,3.3026,0.0242,Fintech Platform,0,74.2,0,False,
L00000158,NGF000199,E0000275,455000.0,0.14,2025-01-10,,0.0,2026-01-10,12,0,Excellent,0.8667,0.5132,Bank,0,43.1,2,False,
L00000159,NGF000200,E0000276,95000.0,0.29,2025-01-16,,0.0,2025-04-16,3,0,Good,0.5864,0.2049,Cooperative,0,45.3,2,False,
L00000160,NGF000203,E0000280,214000.0,0.2,2023-07-04,False,179760.0,2026-01-04,30,26,Creditworthy,0.1815,0.3086,BOA,0,105.7,3,False,
L00000161,NGF000206,E0000284,430000.0,0.19,2025-03-28,,0.0,2025-12-28,9,0,Excellent,4.7778,0.061,Bank,0,51.2,0,False,
L00000162,NGF000208,E0000287,2425000.0,0.26,2025-03-24,,0.0,2026-03-24,12,0,Fair,3.4993,0.0381,Fintech Platform,0,129.9,2,False,
L00000163,NGF000209,E0000289,51000.0,0.27,2024-05-31,True,34680.0,2025-11-30,18,15,Non-creditworthy,0.3333,0.3904,BOA,2,14.3,2,False,
L00000164,NGF000209,E0000289,175000.0,0.22,2025-04-28,,0.0,2026-10-28,18,0,Good,1.1438,0.3904,BOA,0,14.3,2,False,
L00000165,NGF000211,E0000292,262000.0,0.27,2024-03-24,False,193880.0,2026-01-24,22,20,Non-creditworthy,0.8479,0.56,Informal Lender,1,13.8,1,False,
L00000166,NGF000211,E0000292,665000.0,0.34,2025-03-22,,0.0,2026-03-22,12,0,Poor,2.1521,0.56,Cooperative,0,13.8,0,False,
L00000167,NGF000213,E0000296,605000.0,0.19,2025-02-23,,0.0,2025-11-23,9,0,Fair,1.8847,0.0299,Fintech Platform,0,76.9,2,False,
L00000168,NGF000214,E0000297,145000.0,0.33,2025-02-11,,0.0,2026-08-11,18,0,Fair,0.5823,0.4454,Microfinance,0,78.2,2,False,
L00000169,NGF000215,E0000298,119000.0,0.2,2024-07-11,True,78540.0,2026-03-11,20,19,Non-creditworthy,0.348,0.3588,BOA,0,45.2,0,False,
L00000170,NGF000218,E0000303,59000.0,0.12,2022-10-31,False,24190.0,2023-10-31,12,12,Non-creditworthy,0.2622,0.2019,Cooperative,4,129.8,3,True,Illness
L00000171,NGF000219,E0000304,90000.0,0.22,2025-03-09,,0.0,2027-03-09,24,0,Poor,0.8108,0.2366,Fintech Platform,0,44.5,1,False,
L00000172,NGF000220,E0000305,526000.0,0.24,2024-03-05,False,378720.0,2026-11-05,32,30,Non-creditworthy,0.3229,0.2563,Informal Lender,0,71.6,0,False,
L00000173,NGF000220,E0000305,1185000.0,0.25,2025-01-22,,0.0,2025-07-22,6,0,Fair,0.7274,0.2563,Fintech Platform,0,71.6,0,False,
L00000174,NGF000223,E0000308,925000.0,0.21,2025-02-25,,0.0,2025-05-25,3,0,Fair,1.713,0.2724,Fintech Platform,0,113.4,0,False,
L00000175,NGF000224,E0000309,439000.0,0.13,2025-03-26,False,342420.0,2026-01-26,10,9,Non-creditworthy,0.3677,0.2939,Cooperative,4,26.0,1,False,
L00000176,NGF000224,E0000309,370000.0,0.25,2025-04-26,,0.0,2025-07-26,3,0,Poor,0.3099,0.2939,Fintech Platform,0,26.0,2,False,
L00000177,NGF000226,E0000311,1085000.0,0.29,2025-04-05,,0.0,2026-04-05,12,0,Fair,1.4762,0.4016,Bank,0,46.5,2,False,
L00000178,NGF000228,E0000314,88000.0,0.23,2024-08-03,False,74800.0,2026-10-03,26,23,Creditworthy,0.4251,0.157,Bank,0,92.1,1,False,
L00000179,NGF000229,E0000316,125000.0,0.3,2025-03-01,,0.0,2027-03-01,24,0,Fair,0.4545,0.6472,Fintech Platform,0,15.0,2,False,
L00000180,NGF000230,E0000317,80000.0,0.14,2025-01-09,,0.0,2025-07-09,6,0,Poor,0.6667,0.2043,Cooperative,0,79.3,0,False,
L00000181,NGF000231,E0000319,225000.0,0.24,2025-02-12,,0.0,2026-02-12,12,0,Fair,0.2625,0.1776,Bank,0,36.5,0,False,
L00000182,NGF000232,E0000320,390000.0,0.13,2025-03-18,,0.0,2026-09-18,18,0,Fair,0.4422,0.5878,Bank,0,15.0,0,False,
L00000183,NGF000235,E0000324,90000.0,0.19,2025-04-27,,0.0,2027-04-27,24,0,Good,0.229,0.2456,Bank,0,42.1,2,False,
L00000184,NGF000236,E0000326,358000.0,0.29,2022-08-01,False,171840.0,2025-07-01,35,31,Non-creditworthy,0.255,0.1901,Cooperative,1,79.7,2,True,Diversion of Funds
L00000185,NGF000237,E0000328,274000.0,0.14,2022-05-19,False,197280.0,2024-03-19,22,19,Non-creditworthy,0.7366,0.0464,Microfinance,4,110.6,1,False,
L00000186,NGF000239,E0000331,226000.0,0.4,2023-03-21,False,185320.0,2024-05-21,14,13,Creditworthy,0.4829,0.2849,Cooperative,2,39.3,1,False,
L00000187,NGF000239,E0000331,570000.0,0.18,2025-02-28,,0.0,2025-11-28,9,0,Fair,1.2179,0.2849,BOA,0,39.3,0,False,
L00000188,NGF000240,E0000332,26000.0,0.23,2023-04-01,False,11180.0,2025-07-01,27,22,Non-creditworthy,0.0897,0.3246,BOA,4,95.9,3,True,Diversion of Funds
L00000189,NGF000240,E0000332,65000.0,0.14,2025-01-27,,0.0,2027-01-27,24,0,Very Poor,0.2241,0.3246,Fintech Platform,0,95.9,0,False,
L00000190,NGF000241,E0000333,140000.0,0.26,2025-02-19,,0.0,2025-08-19,6,0,Very Good,1.8667,0.0225,Microfinance,0,46.8,0,False,
L00000191,NGF000242,E0000334,260000.0,0.33,2025-02-26,,0.0,2026-02-26,12,0,Fair,2.9885,0.039,Bank,0,60.6,2,False,
L00000192,NGF000243,E0000335,462000.0,0.13,2023-09-29,True,244860.0,2025-06-29,21,17,Non-creditworthy,0.3524,0.4808,Bank,0,7.2,3,True,Diversion of Funds
L00000193,NGF000246,E0000338,160000.0,0.31,2025-01-24,,0.0,2026-07-24,18,0,Very Good,0.2222,0.5522,BOA,0,44.2,2,False,
L00000194,NGF000247,E0000339,65000.0,0.34,2025-01-02,,0.0,2026-07-02,18,0,Fair,1.0317,0.3633,Bank,0,37.5,1,False,
L00000195,NGF000248,E0000341,1180000.0,0.22,2025-04-07,,0.0,2026-10-07,18,0,Fair,5.7843,0.0519,Fintech Platform,0,90.5,0,False,
L00000196,NGF000251,E0000345,350000.0,0.26,2025-03-25,,0.0,2025-12-25,9,0,Very Good,2.4306,0.1637,BOA,0,24.3,2,False,
L00000197,NGF000252,E0000347,740000.0,0.25,2025-02-04,,0.0,2027-02-04,24,0,Very Good,3.6453,0.0196,Bank,0,94.9,2,False,
L00000198,NGF000254,E0000349,154000.0,0.38,2022-11-24,True,126280.0,2024-10-24,23,21,Creditworthy,1.8333,0.0942,Cooperative,2,120.9,2,False,
L00000199,NGF000254,E0000349,935000.0,0.12,2025-03-15,,0.0,2025-09-15,6,0,Very Good,11.131,0.0942,Microfinance,0,120.9,2,False,
L00000200,NGF000255,E0000350,31000.0,0.29,2024-08-12,True,28520.0,2027-06-12,34,31,Creditworthy,1.0333,0.0385,Informal Lender,1,76.7,0,False,
L00000201,NGF000255,E0000350,205000.0,0.13,2025-02-14,,0.0,2025-08-14,6,0,Excellent,6.8333,0.0385,BOA,0,76.7,0,False,
L00000202,NGF000258,E0000354,210000.0,0.34,2025-04-08,,0.0,2026-10-08,18,0,Fair,0.1505,0.6346,Bank,0,49.8,1,False,
L00000203,NGF000259,E0000356,25000.0,0.12,2025-04-19,,0.0,2025-10-19,6,0,Very Good,0.0318,0.2484,Microfinance,0,39.5,1,False,
L00000204,NGF000260,E0000357,320000.0,0.13,2025-03-10,,0.0,2025-12-10,9,0,Excellent,2.2695,0.4044,Fintech Platform,0,57.9,2,False,
L00000205,NGF000263,E0000361,289000.0,0.24,2022-08-27,True,236980.0,2024-04-27,20,17,Creditworthy,0.6509,0.0468,Cooperative,0,124.3,1,False,
L00000206,NGF000263,E0000361,1425000.0,0.2,2025-03-19,,0.0,2026-09-19,18,0,Very Good,3.2095,0.0468,Microfinance,0,124.3,1,False,
L00000207,NGF000267,E0000368,33000.0,0.32,2022-07-12,False,19140.0,2024-12-12,29,24,Non-creditworthy,0.234,0.4083,Bank,0,133.7,2,False,
L00000208,NGF000268,E0000369,185000.0,0.35,2025-03-26,,0.0,2026-09-26,18,0,Fair,0.8726,0.1802,Microfinance,0,133.5,2,False,
L00000209,NGF000269,E0000371,30000.0,0.14,2025-01-04,,0.0,2025-10-04,9,0,Fair,0.303,0.2903,Cooperative,0,87.3,1,False,
L00000210,NGF000270,E0000373,985000.0,0.14,2025-03-31,,0.0,2027-03-31,24,0,Very Good,2.9056,0.0389,Microfinance,0,73.4,1,False,
L00000211,NGF000271,E0000374,925000.0,0.3,2025-01-16,,0.0,2025-10-16,9,0,Fair,8.5648,0.0516,BOA,0,82.8,1,False,
L00000212,NGF000272,E0000375,120000.0,0.28,2025-03-02,,0.0,2026-09-02,18,0,Fair,1.3333,0.3661,Bank,0,48.1,1,False,
L00000213,NGF000273,E0000377,4165000.0,0.33,2025-04-22,,0.0,2025-10-22,6,0,Good,5.6899,0.0224,Fintech Platform,0,13.9,0,False,
L00000214,NGF000274,E0000378,35000.0,0.14,2025-03-25,,0.0,2025-12-25,9,0,Good,0.1804,0.4861,BOA,0,31.4,0,False,
L00000215,NGF000275,E0000379,3800000.0,0.11,2025-04-22,,0.0,2025-07-22,3,0,Fair,3.1826,0.2511,Cooperative,0,99.1,2,False,
L00000216,NGF000276,E0000380,410000.0,0.31,2025-03-20,,0.0,2027-03-20,24,0,Very Good,1.3993,0.0347,Fintech Platform,0,73.8,2,False,
L00000217,NGF000277,E0000382,455000.0,0.3,2025-05-05,,0.0,2026-02-05,9,0,Poor,6.0667,0.0338,BOA,0,131.5,1,False,
L00000218,NGF000278,E0000383,35000.0,0.24,2025-03-23,,0.0,2026-09-23,18,0,Fair,0.2215,0.044,Bank,0,106.1,2,False,
L00000219,NGF000279,E0000385,90000.0,0.3,2025-02-26,,0.0,2027-02-26,24,0,Fair,0.75,0.267,Fintech Platform,0,64.7,1,False,
L00000220,NGF000280,E0000387,338000.0,0.15,2022-11-02,True,202800.0,2025-03-02,28,23,Non-creditworthy,0.2768,0.5168,Microfinance,0,21.6,0,False,
L00000221,NGF000281,E0000389,104000.0,0.22,2024-01-27,True,95680.0,2026-05-27,28,27,Creditworthy,0.6797,0.1475,Cooperative,0,61.1,1,False,
L00000222,NGF000281,E0000389,145000.0,0.23,2025-01-05,,0.0,2027-01-05,24,0,Very Good,0.9477,0.1475,Bank,0,61.1,0,False,
L00000223,NGF000283,E0000392,362000.0,0.15,2023-09-24,False,249780.0,2025-08-24,23,23,Non-creditworthy,0.219,0.5185,Informal Lender,0,82.7,3,False,
L00000224,NGF000284,E0000394,349000.0,0.18,2023-01-29,False,230340.0,2025-12-29,35,31,Non-creditworthy,0.3685,0.0482,Cooperative,1,101.5,1,False,
L00000225,NGF000285,E0000395,49000.0,0.37,2024-12-23,False,31850.0,2026-02-23,14,12,Non-creditworthy,0.7778,0.6211,Cooperative,1,62.9,3,False,
L00000226,NGF000287,E0000399,35000.0,0.24,2025-03-31,,0.0,2027-03-31,24,0,Fair,0.2917,0.2643,BOA,0,17.0,1,False,
L00000227,NGF000288,E0000400,235000.0,0.15,2025-03-12,,0.0,2026-03-12,12,0,Good,0.4145,0.0609,Microfinance,0,71.2,1,False,
L00000228,NGF000289,E0000401,258000.0,0.32,2022-09-21,False,221880.0,2023-03-21,6,6,Creditworthy,0.8866,0.0308,Informal Lender,4,42.0,1,False,
L00000229,NGF000289,E0000401,535000.0,0.1,2025-03-26,,0.0,2025-09-26,6,0,Good,1.8385,0.0308,Microfinance,0,42.0,1,False,
L00000230,NGF000291,E0000405,335000.0,0.29,2025-01-21,,0.0,2026-07-21,18,0,Fair,0.5099,0.5178,Fintech Platform,0,99.9,2,False,
L00000231,NGF000292,E0000406,135000.0,0.23,2025-02-17,,0.0,2025-08-17,6,0,Fair,0.245,0.2552,Microfinance,0,41.1,0,False,
L00000232,NGF000293,E0000408,2100000.0,0.28,2025-03-26,,0.0,2026-03-26,12,0,Very Good,2.2175,0.0399,Bank,0,140.4,0,False,
L00000233,NGF000294,E0000410,150000.0,0.26,2025-04-25,,0.0,2025-07-25,3,0,Fair,1.0638,0.5098,Bank,0,23.5,0,False,
L00000234,NGF000299,E0000417,170000.0,0.11,2025-03-19,,0.0,2027-03-19,24,0,Poor,1.3492,0.3125,Fintech Platform,0,108.4,2,False,
L00000235,NGF000300,E0000419,660000.0,0.28,2025-04-12,,0.0,2026-10-12,18,0,Excellent,0.7407,0.2491,Fintech Platform,0,42.9,1,False,
L00000236,NGF000301,E0000420,440000.0,0.33,2025-01-16,,0.0,2026-07-16,18,0,Very Good,0.7333,0.2179,Fintech Platform,0,43.6,1,False,
L00000237,NGF000303,E0000423,20000.0,0.13,2024-01-12,True,14000.0,2024-12-12,11,10,Non-creditworthy,0.303,0.4821,Informal Lender,0,143.1,0,False,
L00000238,NGF000305,E0000425,240000.0,0.2,2025-03-02,,0.0,2026-09-02,18,0,Good,0.5455,0.2254,Cooperative,0,74.8,0,False,
L00000239,NGF000306,E0000427,385000.0,0.23,2025-03-07,,0.0,2027-03-07,24,0,Good,4.2778,0.0257,Bank,0,6.3,0,False,
L00000240,NGF000307,E0000428,135000.0,0.15,2025-02-13,,0.0,2025-08-13,6,0,Fair,1.5,0.619,Microfinance,0,35.5,0,False,
L00000241,NGF000308,E0000430,241000.0,0.32,2023-10-07,True,113270.0,2024-04-07,6,6,Non-creditworthy,1.1814,0.0278,BOA,1,22.0,2,True,Market Loss
L00000242,NGF000311,E0000434,170000.0,0.3,2025-02-02,,0.0,2025-08-02,6,0,Poor,1.2593,0.1526,Bank,0,104.2,0,False,
L00000243,NGF000312,E0000435,105000.0,0.27,2025-01-15,,0.0,2025-04-15,3,0,Very Good,1.3125,0.0153,Bank,0,74.4,2,False,
L00000244,NGF000315,E0000439,336000.0,0.18,2024-07-09,False,215040.0,2027-05-09,34,33,Non-creditworthy,0.4934,0.0318,Cooperative,0,30.8,1,False,
L00000245,NGF000315,E0000439,2615000.0,0.22,2025-05-03,,0.0,2026-05-03,12,0,Good,3.8399,0.0318,Microfinance,0,30.8,2,False,
L00000246,NGF000316,E0000440,365000.0,0.3,2025-01-23,,0.0,2025-04-23,3,0,Fair,3.5784,0.0365,Microfinance,0,76.6,2,False,
L00000247,NGF000317,E0000441,145000.0,0.33,2025-04-14,,0.0,2026-01-14,9,0,Poor,2.197,0.8513,Fintech Platform,0,107.9,0,False,
L00000248,NGF000318,E0000443,595000.0,0.34,2025-04-10,,0.0,2025-10-10,6,0,Fair,0.6984,0.0309,Cooperative,0,96.5,0,False,
L00000249,NGF000319,E0000445,229000.0,0.26,2023-03-05,False,178620.0,2024-06-05,15,14,Non-creditworthy,1.5578,0.0428,Cooperative,0,83.0,0,False,
L00000250,NGF000321,E0000448,615000.0,0.29,2025-03-09,,0.0,2025-12-09,9,0,Very Good,0.6065,0.1959,Bank,0,9.8,1,False,
L00000251,NGF000322,E0000450,490000.0,0.25,2025-03-10,,0.0,2026-09-10,18,0,Fair,8.1667,0.0373,Fintech Platform,0,29.9,1,False,
L00000252,NGF000323,E0000452,565000.0,0.32,2025-05-06,,0.0,2026-02-06,9,0,Good,1.0125,0.3711,Cooperative,0,19.0,2,False,
L00000253,NGF000324,E0000454,408000.0,0.37,2022-12-23,False,224400.0,2023-07-23,7,6,Non-creditworthy,0.3919,0.2199,Microfinance,1,55.7,0,False,
L00000254,NGF000324,E0000454,1180000.0,0.33,2025-02-15,,0.0,2027-02-15,24,0,Fair,1.1335,0.2199,Cooperative,0,55.7,1,False,
L00000255,NGF000325,E0000455,50000.0,0.16,2025-01-20,,0.0,2025-10-20,9,0,Very Poor,1.3889,0.1951,Bank,0,27.2,2,True,Predicted Low Yield
L00000256,NGF000330,E0000462,33000.0,0.31,2022-12-21,False,25080.0,2024-08-21,20,19,Non-creditworthy,0.2391,0.3282,Cooperative,0,77.7,2,False,
L00000257,NGF000331,E0000463,20000.0,0.31,2023-06-09,True,16800.0,2024-08-09,14,12,Creditworthy,0.4444,0.4333,BOA,0,63.5,1,False,
L00000258,NGF000335,E0000469,88000.0,0.39,2023-03-10,False,53680.0,2024-08-10,17,17,Non-creditworthy,0.3964,0.3152,Microfinance,0,66.5,1,False,
L00000259,NGF000335,E0000469,65000.0,0.35,2025-02-03,,0.0,2026-08-03,18,0,Poor,0.2928,0.3152,Fintech Platform,0,66.5,2,False,
L00000260,NGF000336,E0000471,115000.0,0.17,2025-04-27,,0.0,2026-01-27,9,0,Good,0.3485,0.5395,Fintech Platform,0,65.1,1,False,
L00000261,NGF000337,E0000473,740000.0,0.12,2025-01-30,,0.0,2026-01-30,12,0,Fair,0.4421,0.4192,Cooperative,0,72.8,2,False,
L00000262,NGF000340,E0000478,172000.0,0.31,2025-02-19,False,161680.0,2027-10-19,32,30,Creditworthy,1.0118,0.0479,Cooperative,4,99.3,3,False,
L00000263,NGF000341,E0000479,126000.0,0.21,2022-09-02,False,91980.0,2024-12-02,27,26,Non-creditworthy,1.4,0.0508,Cooperative,3,84.9,2,False,
L00000264,NGF000341,E0000479,255000.0,0.29,2025-02-04,,0.0,2026-02-04,12,0,Very Good,2.8333,0.0508,Cooperative,0,84.9,2,False,
L00000265,NGF000342,E0000480,40000.0,0.29,2025-05-02,,0.0,2026-02-02,9,0,Good,0.2339,0.3576,Bank,0,52.6,1,False,
L00000266,NGF000343,E0000481,190000.0,0.16,2025-04-06,,0.0,2025-10-06,6,0,Poor,3.1667,0.5121,Microfinance,0,87.2,0,False,
L00000267,NGF000344,E0000483,392000.0,0.25,2024-04-27,True,266560.0,2025-02-27,10,10,Non-creditworthy,0.4083,0.0236,BOA,0,7.7,0,False,
L00000268,NGF000344,E0000483,13970000.0,0.14,2025-04-20,,0.0,2027-04-20,24,0,Good,14.5521,0.0236,Bank,0,7.7,2,False,
L00000269,NGF000347,E0000488,570000.0,0.24,2025-04-23,,0.0,2027-04-23,24,0,Very Good,3.986,0.0259,Microfinance,0,25.5,1,False,
L00000270,NGF000348,E0000489,60000.0,0.3,2025-03-29,,0.0,2025-09-29,6,0,Good,0.3046,0.8717,BOA,0,32.1,1,False,
L00000271,NGF000349,E0000490,20000.0,0.34,2025-03-31,True,12800.0,2026-10-31,19,16,Non-creditworthy,0.6667,0.033,Microfinance,4,129.6,0,False,
L00000272,NGF000351,E0000493,242000.0,0.31,2024-09-30,True,191180.0,2027-04-30,31,27,Non-creditworthy,1.1524,0.024,BOA,4,14.4,0,False,
L00000273,NGF000351,E0000493,135000.0,0.1,2025-05-05,,0.0,2025-11-05,6,0,Fair,0.6429,0.024,Microfinance,0,14.4,0,False,
L00000274,NGF000352,E0000494,358000.0,0.22,2025-01-18,False,214800.0,2027-03-18,26,22,Non-creditworthy,0.452,0.2311,BOA,4,17.2,1,False,
L00000275,NGF000353,E0000495,685000.0,0.29,2025-05-02,,0.0,2025-08-02,3,0,Fair,0.7965,0.8242,Cooperative,0,94.8,1,False,
L00000276,NGF000354,E0000496,256000.0,0.34,2023-09-22,True,212480.0,2026-01-22,28,23,Creditworthy,0.9176,0.0305,Cooperative,2,61.5,2,False,
L00000277,NGF000354,E0000496,200000.0,0.14,2025-05-02,,0.0,2025-11-02,6,0,Very Good,0.7168,0.0305,Cooperative,0,61.5,1,False,
L00000278,NGF000355,E0000498,41000.0,0.18,2023-09-11,False,30340.0,2026-05-11,32,30,Non-creditworthy,0.268,0.4112,Cooperative,2,3.2,3,False,
L00000279,NGF000357,E0000500,770000.0,0.27,2025-01-30,,0.0,2027-01-30,24,0,Excellent,1.1307,0.2474,Cooperative,0,91.2,0,False,
L00000280,NGF000358,E0000502,250000.0,0.15,2025-03-27,,0.0,2025-06-27,3,0,Fair,0.2058,0.5701,Fintech Platform,0,77.4,2,False,
L00000281,NGF000360,E0000504,460000.0,0.14,2025-01-14,,0.0,2025-10-14,9,0,Poor,0.2594,0.2932,Microfinance,0,13.9,1,False,
L00000282,NGF000361,E0000506,65000.0,0.18,2025-04-02,,0.0,2025-10-02,6,0,Very Good,0.141,0.2126,Cooperative,0,29.8,2,False,
L00000283,NGF000363,E0000510,279000.0,0.39,2024-03-24,True,214830.0,2027-02-24,35,30,Non-creditworthy,0.7099,0.1659,BOA,1,25.4,0,False,
L00000284,NGF000363,E0000510,900000.0,0.29,2025-05-03,,0.0,2026-02-03,9,0,Fair,2.2901,0.1659,Fintech Platform,0,25.4,1,False,
L00000285,NGF000364,E0000511,50000.0,0.15,2025-02-28,,0.0,2025-11-28,9,0,Poor,0.7576,0.5375,BOA,0,89.1,0,False,
L00000286,NGF000365,E0000513,219000.0,0.24,2023-07-08,True,153300.0,2024-06-08,11,10,Non-creditworthy,2.3548,0.0402,BOA,0,92.4,3,False,
L00000287,NGF000367,E0000516,113000.0,0.27,2024-11-11,True,97180.0,2026-12-11,25,23,Creditworthy,0.7107,0.1061,Informal Lender,3,75.1,3,False,
L00000288,NGF000367,E0000516,200000.0,0.3,2025-01-11,,0.0,2025-07-11,6,0,Excellent,1.2579,0.1061,Fintech Platform,0,75.1,0,False,
L00000289,NGF000368,E0000517,660000.0,0.24,2025-03-10,,0.0,2025-06-10,3,0,Fair,1.5493,0.023,Fintech Platform,0,49.9,1,False,
L00000290,NGF000369,E0000519,200000.0,0.23,2025-04-09,,0.0,2027-04-09,24,0,Fair,0.3552,0.1986,Bank,0,98.9,2,False,
L00000291,NGF000370,E0000521,67000.0,0.16,2022-08-31,True,44890.0,2024-11-30,27,26,Non-creditworthy,0.5076,0.4153,BOA,4,81.9,3,False,
L00000292,NGF000372,E0000523,335000.0,0.2,2025-03-02,,0.0,2025-12-02,9,0,Poor,0.4503,0.4173,BOA,0,3.7,1,False,
L00000293,NGF000373,E0000524,885000.0,0.28,2025-03-31,,0.0,2026-09-30,18,0,Poor,2.0678,0.2004,BOA,0,17.6,2,False,
L00000294,NGF000374,E0000525,785000.0,0.23,2025-03-29,,0.0,2025-12-29,9,0,Fair,0.8186,0.2409,Cooperative,0,42.7,0,False,
L00000295,NGF000375,E0000526,2830000.0,0.34,2025-01-08,,0.0,2027-01-08,24,0,Good,3.9525,0.0209,Cooperative,0,48.1,1,False,
L00000296,NGF000377,E0000529,247000.0,0.33,2022-08-04,False,121030.0,2024-03-04,19,19,Non-creditworthy,0.8697,0.0418,BOA,2,30.4,0,True,Diversion of Funds
L00000297,NGF000378,E0000531,450000.0,0.34,2025-03-13,,0.0,2025-06-13,3,0,Fair,0.5769,0.1916,Fintech Platform,0,77.5,2,False,
L00000298,NGF000380,E0000534,277000.0,0.18,2023-07-27,True,188360.0,2025-12-27,29,26,Non-creditworthy,0.6891,0.2077,Cooperative,1,53.9,0,False,
L00000299,NGF000381,E0000536,8430000.0,0.11,2025-01-15,,0.0,2025-07-15,6,0,Good,11.6598,0.0339,Microfinance,0,34.9,0,False,
L00000300,NGF000382,E0000537,446000.0,0.26,2025-02-02,True,289900.0,2027-04-02,26,24,Non-creditworthy,0.2733,0.2305,Microfinance,4,22.4,1,False,
L00000301,NGF000382,E0000537,250000.0,0.33,2025-01-18,,0.0,2027-01-18,24,0,Good,0.1532,0.2305,Bank,0,22.4,0,False,
L00000302,NGF000384,E0000540,140000.0,0.3,2025-04-30,,0.0,2027-04-30,24,0,Good,0.3955,0.6718,Bank,0,44.3,1,False,
L00000303,NGF000385,E0000542,1560000.0,0.21,2025-04-26,,0.0,2026-01-26,9,0,Fair,4.6847,0.0358,BOA,0,19.8,0,False,
L00000304,NGF000386,E0000543,320000.0,0.27,2025-04-09,,0.0,2025-10-09,6,0,Excellent,0.0592,0.1194,Cooperative,0,89.6,1,False,
L00000305,NGF000389,E0000546,160000.0,0.12,2025-03-16,,0.0,2027-03-16,24,0,Good,1.3008,0.625,Bank,0,61.8,1,False,
L00000306,NGF000391,E0000549,286000.0,0.15,2024-04-25,True,251680.0,2024-12-25,8,8,Creditworthy,0.1852,0.347,Microfinance,3,61.1,2,False,
L00000307,NGF000391,E0000549,505000.0,0.27,2025-04-23,,0.0,2026-10-23,18,0,Good,0.3271,0.347,Bank,0,61.1,2,False,
L00000308,NGF000398,E0000557,241000.0,0.13,2024-09-15,False,134960.0,2026-01-15,16,15,Non-creditworthy,1.1814,0.0299,Microfinance,0,43.0,2,False,
L00000309,NGF000400,E0000560,245000.0,0.37,2022-07-10,True,210700.0,2023-02-10,7,6,Creditworthy,1.0889,0.0605,BOA,1,44.4,0,False,
L00000310,NGF000400,E0000560,395000.0,0.3,2025-03-29,,0.0,2025-12-29,9,0,Excellent,1.7556,0.0605,Microfinance,0,44.4,1,False,
L00000311,NGF000401,E0000561,105000.0,0.14,2024-10-12,True,56700.0,2026-10-12,24,20,Non-creditworthy,0.2692,0.1816,BOA,4,6.9,2,True,Diversion of Funds
L00000312,NGF000401,E0000561,295000.0,0.2,2025-05-07,,0.0,2025-11-07,6,0,Fair,0.7564,0.1816,BOA,0,6.9,0,False,
L00000313,NGF000402,E0000563,1655000.0,0.31,2025-02-06,,0.0,2026-08-06,18,0,Fair,2.8683,0.0676,Fintech Platform,0,32.2,2,False,
L00000314,NGF000403,E0000565,195000.0,0.18,2023-09-19,True,136500.0,2024-03-19,6,6,Non-creditworthy,3.25,0.0518,Cooperative,0,36.3,3,False,
L00000315,NGF000403,E0000565,330000.0,0.35,2025-04-28,,0.0,2025-07-28,3,0,Excellent,5.5,0.0518,Microfinance,0,36.3,0,False,
L00000316,NGF000406,E0000569,374000.0,0.28,2024-05-15,True,164560.0,2025-02-15,9,7,Non-creditworthy,0.4065,0.1574,Microfinance,2,41.8,0,True,Low Yield
L00000317,NGF000407,E0000570,215000.0,0.29,2024-06-24,False,176300.0,2024-12-24,6,6,Creditworthy,2.8667,0.0466,Cooperative,4,88.3,0,False,
L00000318,NGF000407,E0000570,110000.0,0.21,2025-01-30,,0.0,2025-10-30,9,0,Good,1.4667,0.0466,BOA,0,88.3,2,False,
L00000319,NGF000408,E0000571,58000.0,0.32,2022-08-12,False,54520.0,2024-08-12,24,20,Creditworthy,0.5088,0.1488,Informal Lender,1,71.1,0,False,
L00000320,NGF000410,E0000574,560000.0,0.16,2025-03-29,,0.0,2025-06-29,3,0,Poor,0.6651,0.3352,Microfinance,0,98.8,2,False,
L00000321,NGF000412,E0000577,1310000.0,0.2,2025-01-21,,0.0,2026-01-21,12,0,Fair,0.7612,0.1919,Fintech Platform,0,91.6,2,False,
L00000322,NGF000413,E0000578,120000.0,0.18,2025-03-08,,0.0,2026-09-08,18,0,Good,0.9756,0.3214,Microfinance,0,30.8,1,False,
L00000323,NGF000415,E0000582,320000.0,0.17,2025-01-17,,0.0,2027-01-17,24,0,Very Good,0.4183,0.3722,Cooperative,0,97.0,2,False,
L00000324,NGF000416,E0000584,40000.0,0.3,2025-04-08,,0.0,2025-07-08,3,0,Good,0.2353,0.5385,Fintech Platform,0,92.8,1,False,
L00000325,NGF000417,E0000586,270000.0,0.23,2025-05-06,,0.0,2026-02-06,9,0,Fair,0.8824,0.7114,BOA,0,29.5,2,False,
L00000326,NGF000418,E0000588,3905000.0,0.16,2025-02-03,,0.0,2025-08-03,6,0,Fair,4.9682,0.0249,BOA,0,18.8,0,False,
L00000327,NGF000419,E0000589,160000.0,0.15,2025-01-08,,0.0,2026-07-08,18,0,Fair,1.6162,0.0579,Fintech Platform,0,27.7,0,False,
L00000328,NGF000420,E0000590,115000.0,0.11,2025-02-18,,0.0,2025-11-18,9,0,Good,0.6845,0.256,Bank,0,71.8,2,False,
L00000329,NGF000421,E0000591,314000.0,0.23,2024-03-18,False,238640.0,2024-09-18,6,6,Non-creditworthy,0.5509,0.6012,Cooperative,1,15.1,1,False,
L00000330,NGF000421,E0000591,100000.0,0.35,2025-03-27,,0.0,2025-06-27,3,0,Good,0.1754,0.6012,BOA,0,15.1,0,False,
L00000331,NGF000422,E0000593,300000.0,0.16,2025-04-12,,0.0,2025-10-12,6,0,Good,1.2987,0.1767,BOA,0,69.5,2,False,
L00000332,NGF000424,E0000597,153000.0,0.37,2024-07-28,True,81090.0,2027-03-28,32,29,Non-creditworthy,0.1925,0.3459,Bank,0,25.1,0,True,Market Loss
L00000333,NGF000427,E0000602,100000.0,0.25,2025-04-29,,0.0,2027-04-29,24,0,Fair,3.3333,0.0511,Fintech Platform,0,62.3,0,False,
L00000334,NGF000429,E0000604,915000.0,0.22,2025-01-31,,0.0,2027-01-31,24,0,Very Good,3.6747,0.0413,Bank,0,60.7,2,False,
L00000335,NGF000432,E0000610,30000.0,0.33,2023-11-24,False,20700.0,2025-09-24,22,18,Non-creditworthy,0.1724,0.7212,Cooperative,3,15.4,2,False,
L00000336,NGF000432,E0000610,55000.0,0.31,2025-03-14,,0.0,2025-09-14,6,0,Poor,0.3161,0.7212,Fintech Platform,0,15.4,2,False,
L00000337,NGF000433,E0000612,97000.0,0.26,2023-07-21,False,48500.0,2024-08-21,13,12,Non-creditworthy,1.3472,0.1077,Bank,1,70.2,3,True,Diversion of Funds
L00000338,NGF000433,E0000612,340000.0,0.28,2025-03-17,,0.0,2025-06-17,3,0,Poor,4.7222,0.1077,Fintech Platform,0,70.2,0,True,Predicted Market Loss
L00000339,NGF000434,E0000614,1400000.0,0.16,2025-03-21,,0.0,2027-03-21,24,0,Good,2.509,0.0234,BOA,0,22.3,0,False,
L00000340,NGF000436,E0000618,245000.0,0.19,2025-03-07,,0.0,2025-12-07,9,0,Fair,0.5303,0.3458,BOA,0,31.7,1,False,
L00000341,NGF000439,E0000622,215000.0,0.29,2025-04-27,,0.0,2025-07-27,3,0,Good,0.9072,0.4934,Fintech Platform,0,84.3,0,False,
L00000342,NGF000441,E0000625,40000.0,0.27,2025-01-11,,0.0,2027-01-11,24,0,Poor,0.132,0.2016,Cooperative,0,69.3,2,False,
L00000343,NGF000444,E0000629,225000.0,0.21,2025-05-03,,0.0,2026-05-03,12,0,Very Good,1.6304,0.3657,BOA,0,27.8,1,False,
L00000344,NGF000445,E0000631,20000.0,0.14,2025-02-06,False,16200.0,2026-08-06,18,16,Creditworthy,0.2222,0.6667,Bank,4,18.2,0,False,
L00000345,NGF000446,E0000633,435000.0,0.34,2025-03-06,,0.0,2026-03-06,12,0,Very Good,2.7358,0.0199,Microfinance,0,84.5,0,False,
L00000346,NGF000447,E0000635,720000.0,0.2,2025-01-13,,0.0,2026-07-13,18,0,Fair,2.449,0.0405,Cooperative,0,73.1,2,False,
L00000347,NGF000449,E0000637,1780000.0,0.12,2025-03-06,,0.0,2026-03-06,12,0,Good,2.1681,0.0305,Fintech Platform,0,84.4,0,False,
L00000348,NGF000451,E0000639,910000.0,0.12,2025-01-19,,0.0,2027-01-19,24,0,Excellent,1.0718,0.5259,BOA,0,69.5,1,False,
L00000349,NGF000453,E0000642,690000.0,0.31,2025-04-19,,0.0,2026-10-19,18,0,Good,1.0088,0.6216,Microfinance,0,38.1,1,False,
L00000350,NGF000456,E0000647,44000.0,0.21,2025-03-26,False,31240.0,2025-10-26,7,6,Non-creditworthy,0.3667,0.0588,Bank,0,80.8,2,False,
L00000351,NGF000457,E0000648,960000.0,0.24,2025-03-17,,0.0,2027-03-17,24,0,Excellent,1.7021,0.1837,Fintech Platform,0,8.9,1,False,
L00000352,NGF000460,E0000654,50000.0,0.18,2025-02-25,,0.0,2025-05-25,3,0,Poor,0.5556,0.2778,BOA,0,44.4,1,False,
L00000353,NGF000461,E0000655,155000.0,0.31,2025-02-18,,0.0,2027-02-18,24,0,Very Poor,0.5496,0.2193,Microfinance,0,22.5,1,False,
L00000354,NGF000462,E0000656,230000.0,0.19,2025-04-28,,0.0,2026-10-28,18,0,Fair,0.5721,0.3422,BOA,0,71.1,0,False,
L00000355,NGF000465,E0000662,189000.0,0.2,2022-12-27,True,134190.0,2023-11-27,11,11,Non-creditworthy,1.8,0.0221,Cooperative,2,63.9,1,False,
L00000356,NGF000465,E0000662,535000.0,0.32,2025-03-06,,0.0,2025-12-06,9,0,Fair,5.0952,0.0221,Cooperative,0,63.9,0,False,
L00000357,NGF000466,E0000663,2870000.0,0.19,2025-01-16,,0.0,2026-01-16,12,0,Poor,8.2471,0.0874,Bank,0,120.6,1,False,
L00000358,NGF000469,E0000666,558000.0,0.35,2024-10-29,True,496620.0,2026-05-29,19,15,Creditworthy,0.3116,0.6731,Cooperative,1,82.9,0,False,
L00000359,NGF000469,E0000666,1750000.0,0.13,2025-01-28,,0.0,2026-07-28,18,0,Excellent,0.9771,0.6731,Fintech Platform,0,82.9,0,False,
L00000360,NGF000470,E0000668,30000.0,0.25,2025-03-09,,0.0,2025-12-09,9,0,Poor,0.8333,0.2,Bank,0,88.0,0,False,
L00000361,NGF000471,E0000670,1100000.0,0.14,2025-03-02,,0.0,2026-09-02,18,0,Very Good,1.0763,0.1243,BOA,0,95.4,0,False,
L00000362,NGF000472,E0000672,28000.0,0.39,2025-02-20,True,12600.0,2026-12-20,22,21,Non-creditworthy,0.2333,0.3446,BOA,4,139.2,2,True,Low Yield
L00000363,NGF000472,E0000672,80000.0,0.23,2025-03-18,,0.0,2027-03-18,24,0,Poor,0.6667,0.3446,Fintech Platform,0,139.2,0,False,
L00000364,NGF000473,E0000673,352000.0,0.31,2022-11-24,True,211200.0,2024-02-24,15,15,Non-creditworthy,0.4638,0.0493,Bank,1,11.6,1,False,
L00000365,NGF000474,E0000675,585000.0,0.28,2025-04-26,,0.0,2026-04-26,12,0,Good,2.6712,0.3186,Bank,0,34.3,1,False,
L00000366,NGF000475,E0000676,56000.0,0.3,2022-09-16,False,40880.0,2023-10-16,13,12,Non-creditworthy,0.8485,0.0386,Cooperative,4,43.3,3,False,
L00000367,NGF000475,E0000676,140000.0,0.16,2025-03-02,,0.0,2025-12-02,9,0,Good,2.1212,0.0386,Fintech Platform,0,43.3,1,False,
L00000368,NGF000476,E0000677,2015000.0,0.33,2025-04-19,,0.0,2025-10-19,6,0,Excellent,6.7845,0.0362,Microfinance,0,47.2,2,False,
L00000369,NGF000478,E0000679,135000.0,0.36,2023-12-14,False,87750.0,2025-05-14,17,17,Non-creditworthy,0.9184,0.3624,Cooperative,1,22.5,2,False,
L00000370,NGF000480,E0000682,1570000.0,0.16,2025-05-05,,0.0,2026-02-05,9,0,Excellent,1.7272,0.3216,Fintech Platform,0,13.4,1,False,
L00000371,NGF000481,E0000683,105000.0,0.26,2025-03-05,,0.0,2025-06-05,3,0,Fair,1.129,0.2397,BOA,0,42.3,2,False,
L00000372,NGF000483,E0000686,104000.0,0.2,2022-11-22,False,70720.0,2024-11-22,24,20,Non-creditworthy,1.7333,0.084,Cooperative,0,21.2,2,False,
L00000373,NGF000483,E0000686,45000.0,0.24,2025-04-13,,0.0,2026-04-13,12,0,Very Good,0.75,0.084,Cooperative,0,21.2,0,False,
L00000374,NGF000485,E0000688,430000.0,0.35,2025-01-19,,0.0,2025-10-19,9,0,Very Good,0.9751,0.0614,Fintech Platform,0,80.0,2,False,
L00000375,NGF000486,E0000689,157000.0,0.24,2025-02-04,False,81640.0,2026-05-04,15,14,Non-creditworthy,0.623,0.2953,Bank,2,8.0,2,True,Diversion of Funds
L00000376,NGF000489,E0000694,55000.0,0.19,2025-03-24,,0.0,2025-09-24,6,0,Fair,0.1852,0.8933,Cooperative,0,72.2,2,False,
L00000377,NGF000493,E0000701,115000.0,0.24,2025-04-09,,0.0,2026-01-09,9,0,Good,0.9583,0.2424,Bank,0,58.7,2,False,
L00000378,NGF000494,E0000702,1665000.0,0.24,2025-03-12,,0.0,2026-09-12,18,0,Poor,1.5123,0.3833,Fintech Platform,0,35.0,0,False,
L00000379,NGF000496,E0000704,105000.0,0.21,2022-06-05,False,79800.0,2024-12-05,30,27,Non-creditworthy,0.1852,0.1494,Informal Lender,0,117.6,0,False,
L00000380,NGF000496,E0000704,60000.0,0.34,2025-03-12,,0.0,2025-06-12,3,0,Good,0.1058,0.1494,BOA,0,117.6,0,False,
L00000381,NGF000497,E0000705,52000.0,0.24,2023-08-30,False,45760.0,2025-06-30,22,20,Creditworthy,0.1028,0.4547,Cooperative,2,58.4,2,False,
L00000382,NGF000498,E0000706,240000.0,0.1,2025-02-05,,0.0,2026-08-05,18,0,Poor,6.6667,0.0657,BOA,0,66.3,1,False,
L00000383,NGF000501,E0000710,590000.0,0.34,2025-02-11,,0.0,2027-02-11,24,0,Poor,1.0461,0.5118,Cooperative,0,39.7,2,False,
L00000384,NGF000502,E0000711,65000.0,0.13,2023-10-20,False,53300.0,2025-04-20,18,16,Creditworthy,0.3333,0.5147,Cooperative,4,50.6,0,False,
L00000385,NGF000503,E0000713,465000.0,0.24,2025-04-05,,0.0,2026-04-05,12,0,Excellent,2.8182,0.2762,Microfinance,0,88.9,1,False,
L00000386,NGF000506,E0000718,202000.0,0.37,2023-03-02,True,157560.0,2025-02-02,23,20,Non-creditworthy,0.9099,0.3208,Cooperative,4,28.0,1,False,
L00000387,NGF000507,E0000719,377000.0,0.17,2023-04-24,False,154570.0,2024-06-24,14,12,Non-creditworthy,0.2373,0.4831,Bank,3,14.2,0,True,Illness
L00000388,NGF000511,E0000724,90000.0,0.33,2025-01-27,,0.0,2027-01-27,24,0,Poor,1.1111,0.4559,Bank,0,85.6,0,False,
L00000389,NGF000512,E0000725,265000.0,0.18,2025-01-31,,0.0,2026-01-31,12,0,Poor,1.2156,0.2635,Microfinance,0,31.4,0,False,
L00000390,NGF000513,E0000727,3100000.0,0.16,2025-01-15,,0.0,2026-01-15,12,0,Fair,4.4928,0.1575,Fintech Platform,0,62.9,2,False,
L00000391,NGF000514,E0000728,170000.0,0.17,2025-02-27,,0.0,2026-08-27,18,0,Very Good,1.0897,0.3577,Cooperative,0,86.8,0,False,
L00000392,NGF000515,E0000729,440000.0,0.13,2025-01-20,,0.0,2025-04-20,3,0,Good,1.0628,0.1746,Bank,0,75.8,1,False,
L00000393,NGF000516,E0000731,270000.0,0.24,2025-04-09,,0.0,2026-10-09,18,0,Good,0.8738,0.4743,Fintech Platform,0,94.3,0,False,
L00000394,NGF000518,E0000734,60000.0,0.2,2025-04-15,,0.0,2026-01-15,9,0,Fair,0.0769,0.1422,BOA,0,5.0,1,False,
L00000395,NGF000520,E0000736,465000.0,0.18,2025-04-13,,0.0,2026-10-13,18,0,Excellent,7.381,0.0382,Fintech Platform,0,40.5,2,False,
L00000396,NGF000522,E0000739,20000.0,0.24,2022-07-05,False,13400.0,2023-07-05,12,12,Non-creditworthy,0.6667,0.2315,Bank,1,99.9,2,False,
L00000397,NGF000525,E0000742,47000.0,0.36,2025-03-01,False,36190.0,2027-04-01,25,24,Non-creditworthy,0.1351,0.3111,Cooperative,3,59.8,3,False,
L00000398,NGF000526,E0000744,120000.0,0.31,2025-03-07,,0.0,2025-12-07,9,0,Good,1.0811,0.3091,Cooperative,0,118.9,2,False,
L00000399,NGF000530,E0000751,349000.0,0.3,2024-12-23,True,310610.0,2025-07-23,7,6,Creditworthy,0.4672,0.2587,Cooperative,1,84.6,1,False,
L00000400,NGF000530,E0000751,325000.0,0.12,2025-01-26,,0.0,2026-07-26,18,0,Good,0.4351,0.2587,Cooperative,0,84.6,2,False,
L00000401,NGF000532,E0000753,530000.0,0.12,2025-04-26,,0.0,2026-10-26,18,0,Very Poor,1.3947,0.063,Cooperative,0,83.4,0,False,
L00000402,NGF000536,E0000758,235000.0,0.28,2023-12-14,True,180950.0,2026-03-14,27,25,Non-creditworthy,1.3277,0.0508,Bank,0,128.3,1,False,
L00000403,NGF000536,E0000758,365000.0,0.22,2025-01-30,,0.0,2025-07-30,6,0,Poor,2.0621,0.0508,Microfinance,0,128.3,0,False,
L00000404,NGF000537,E0000760,115000.0,0.11,2025-02-01,,0.0,2025-05-01,3,0,Fair,0.1187,0.48,Fintech Platform,0,96.3,1,False,
L00000405,NGF000539,E0000763,900000.0,0.3,2025-02-05,,0.0,2026-02-05,12,0,Poor,1.6043,0.1922,Fintech Platform,0,89.2,2,False,
L00000406,NGF000540,E0000764,179000.0,0.15,2025-04-18,False,100240.0,2027-05-18,25,23,Non-creditworthy,0.3874,0.248,Microfinance,3,61.3,0,False,
L00000407,NGF000541,E0000765,25000.0,0.32,2025-05-02,,0.0,2026-02-02,9,0,Poor,0.3788,0.2653,Fintech Platform,0,31.0,1,False,
L00000408,NGF000544,E0000768,300000.0,0.27,2025-02-02,,0.0,2027-02-02,24,0,Very Good,0.5535,0.0461,Microfinance,0,23.5,1,False,
L00000409,NGF000547,E0000771,180000.0,0.38,2024-03-17,False,79200.0,2027-02-17,35,30,Non-creditworthy,0.4523,0.1765,Cooperative,4,76.7,1,True,Low Yield
L00000410,NGF000548,E0000773,215000.0,0.32,2025-01-09,,0.0,2026-01-09,12,0,Poor,0.7388,0.3962,Cooperative,0,127.5,0,False,
L00000411,NGF000550,E0000777,6135000.0,0.22,2025-03-21,,0.0,2025-12-21,9,0,Poor,8.313,0.0472,Cooperative,0,3.3,1,False,
L00000412,NGF000552,E0000780,263000.0,0.15,2023-11-24,False,205140.0,2025-12-24,25,20,Non-creditworthy,0.7205,0.0602,Bank,2,129.7,1,False,
L00000413,NGF000553,E0000781,1000000.0,0.16,2025-02-16,,0.0,2026-08-16,18,0,Poor,0.7645,0.2751,Microfinance,0,47.4,1,False,
L00000414,NGF000554,E0000782,2670000.0,0.23,2025-03-28,,0.0,2025-06-28,3,0,Fair,6.4964,0.0265,Microfinance,0,71.0,1,False,
L00000415,NGF000557,E0000785,141000.0,0.2,2024-12-11,False,84600.0,2027-03-11,27,26,Non-creditworthy,0.2626,0.5413,Cooperative,3,81.4,1,False,
L00000416,NGF000559,E0000788,70000.0,0.35,2023-07-24,False,46200.0,2024-12-24,17,16,Non-creditworthy,0.2035,0.414,Cooperative,2,37.8,2,False,
L00000417,NGF000560,E0000789,90000.0,0.2,2025-03-29,,0.0,2026-09-29,18,0,Good,2.1429,0.0383,Microfinance,0,65.2,0,False,
L00000418,NGF000563,E0000794,20000.0,0.17,2023-05-06,True,11000.0,2023-12-06,7,6,Non-creditworthy,0.2299,0.2254,Cooperative,0,138.6,0,False,
L00000419,NGF000563,E0000794,35000.0,0.13,2025-04-14,,0.0,2025-10-14,6,0,Poor,0.4023,0.2254,Microfinance,0,138.6,2,False,
L00000420,NGF000564,E0000796,50000.0,0.34,2025-02-16,,0.0,2025-05-16,3,0,Good,0.5208,0.2203,Microfinance,0,46.2,1,False,
L00000421,NGF000565,E0000798,785000.0,0.31,2025-03-02,,0.0,2027-03-02,24,0,Fair,1.4299,0.1702,Bank,0,41.8,1,False,
L00000422,NGF000566,E0000799,170000.0,0.23,2025-04-02,,0.0,2026-01-02,9,0,Fair,0.4019,0.5,Cooperative,0,57.0,1,False,
L00000423,NGF000567,E0000801,35000.0,0.19,2025-02-07,,0.0,2027-02-07,24,0,Excellent,1.1667,0.0226,BOA,0,88.2,0,False,
L00000424,NGF000569,E0000803,190000.0,0.12,2025-03-13,,0.0,2025-06-13,3,0,Very Good,0.6109,0.3446,BOA,0,84.4,2,False,
L00000425,NGF000572,E0000807,420000.0,0.31,2025-04-21,,0.0,2025-10-21,6,0,Good,2.4561,0.2857,Bank,0,29.3,1,False,
L00000426,NGF000573,E0000808,1000000.0,0.33,2025-03-27,,0.0,2026-03-27,12,0,Good,4.8309,0.029,Fintech Platform,0,95.0,0,False,
L00000427,NGF000574,E0000809,3765000.0,0.14,2025-03-31,,0.0,2027-03-31,24,0,Good,5.8102,0.0484,BOA,0,90.7,1,False,
L00000428,NGF000575,E0000811,248000.0,0.24,2023-07-19,False,141360.0,2024-05-19,10,10,Non-creditworthy,0.4653,0.1279,Cooperative,0,94.3,2,False,
L00000429,NGF000575,E0000811,750000.0,0.12,2025-03-16,,0.0,2025-06-16,3,0,Fair,1.4071,0.1279,Bank,0,94.3,2,False,
L00000430,NGF000576,E0000813,540000.0,0.26,2025-04-08,,0.0,2026-10-08,18,0,Poor,0.7181,0.5427,Bank,0,123.5,0,True,Predicted Market Loss
L00000431,NGF000577,E0000815,177000.0,0.37,2024-08-04,True,97350.0,2026-10-04,26,22,Non-creditworthy,0.2402,0.2605,Informal Lender,2,30.5,3,False,
L00000432,NGF000578,E0000816,240000.0,0.31,2025-03-23,,0.0,2025-06-23,3,0,Good,0.7018,0.5839,BOA,0,49.6,2,False,
L00000433,NGF000579,E0000817,205000.0,0.19,2023-01-14,False,104550.0,2025-01-14,24,20,Non-creditworthy,0.1718,0.5372,Informal Lender,2,68.4,1,True,Illness
L00000434,NGF000579,E0000817,120000.0,0.29,2025-02-08,,0.0,2025-11-08,9,0,Fair,0.1006,0.5372,Fintech Platform,0,68.4,0,False,
L00000435,NGF000581,E0000820,475000.0,0.19,2025-04-28,,0.0,2026-10-28,18,0,Poor,0.5231,0.3194,Bank,0,119.0,0,False,
L00000436,NGF000584,E0000823,170000.0,0.23,2022-12-08,False,100300.0,2024-08-08,20,17,Non-creditworthy,0.4762,0.2696,Cooperative,1,124.2,3,False,
L00000437,NGF000584,E0000823,380000.0,0.15,2025-02-18,,0.0,2027-02-18,24,0,Fair,1.0644,0.2696,Cooperative,0,124.2,1,False,
L00000438,NGF000587,E0000827,435000.0,0.24,2025-01-11,,0.0,2027-01-11,24,0,Good,2.1324,0.8326,Microfinance,0,81.6,0,False,
L00000439,NGF000588,E0000829,255000.0,0.12,2025-05-05,,0.0,2026-05-05,12,0,Poor,0.2982,0.504,Microfinance,0,71.5,0,False,
L00000440,NGF000591,E0000833,220000.0,0.14,2025-04-04,,0.0,2026-04-04,12,0,Good,3.6667,0.0332,Bank,0,19.4,0,False,
L00000441,NGF000593,E0000836,690000.0,0.33,2025-03-14,,0.0,2025-12-14,9,0,Fair,0.8456,0.3537,Bank,0,12.0,0,False,
L00000442,NGF000596,E0000840,55000.0,0.21,2025-04-18,,0.0,2026-04-18,12,0,Good,0.1478,0.5758,Cooperative,0,73.7,1,False,
L00000443,NGF000597,E0000842,1245000.0,0.2,2025-01-20,,0.0,2025-07-20,6,0,Fair,2.1503,0.0325,Bank,0,42.5,1,False,
L00000444,NGF000599,E0000845,485000.0,0.22,2024-07-17,False,349200.0,2027-05-17,34,34,Non-creditworthy,0.3404,0.6697,Cooperative,3,83.8,3,False,
L00000445,NGF000600,E0000846,25000.0,0.16,2022-11-17,False,14750.0,2024-02-17,15,14,Non-creditworthy,0.4167,0.1892,Cooperative,1,85.6,0,False,
L00000446,NGF000600,E0000846,105000.0,0.34,2025-02-25,,0.0,2026-02-25,12,0,Excellent,1.75,0.1892,Fintech Platform,0,85.6,0,False,
L00000447,NGF000601,E0000848,216000.0,0.19,2022-09-15,True,136080.0,2025-04-15,31,25,Non-creditworthy,2.7692,0.0618,Informal Lender,4,88.6,2,False,
L00000448,NGF000603,E0000852,125000.0,0.28,2023-01-12,True,68750.0,2023-08-12,7,6,Non-creditworthy,1.5432,0.5611,Informal Lender,3,56.6,0,True,Illness
L00000449,NGF000603,E0000852,190000.0,0.26,2025-02-22,,0.0,2027-02-22,24,0,Very Poor,2.3457,0.5611,Bank,0,56.6,2,True,Predicted Low Yield
L00000450,NGF000605,E0000854,220000.0,0.29,2025-03-29,,0.0,2026-03-29,12,0,Fair,0.6728,0.1818,BOA,0,121.0,2,False,
L00000451,NGF000606,E0000855,330000.0,0.26,2025-04-10,,0.0,2026-01-10,9,0,Poor,0.9322,0.0325,Microfinance,0,101.0,2,False,
L00000452,NGF000607,E0000857,385000.0,0.26,2025-01-29,,0.0,2025-07-29,6,0,Good,2.5329,0.0393,Microfinance,0,19.2,2,False,
L00000453,NGF000610,E0000862,37000.0,0.31,2024-03-17,True,29970.0,2025-01-17,10,9,Creditworthy,0.5606,0.166,Informal Lender,4,34.6,2,False,
L00000454,NGF000610,E0000862,195000.0,0.18,2025-01-18,,0.0,2026-07-18,18,0,Excellent,2.9545,0.166,Bank,0,34.6,2,False,
L00000455,NGF000611,E0000863,110000.0,0.12,2023-04-17,False,107800.0,2026-03-17,35,30,Creditworthy,1.0577,0.0406,BOA,1,51.7,1,False,
L00000456,NGF000613,E0000866,46000.0,0.25,2024-04-07,True,25300.0,2027-02-07,34,33,Non-creditworthy,1.5333,0.0913,Microfinance,4,37.2,1,True,Market Loss
L00000457,NGF000613,E0000866,155000.0,0.31,2025-03-09,,0.0,2026-03-09,12,0,Very Poor,5.1667,0.0913,BOA,0,37.2,2,True,Predicted Illness
L00000458,NGF000616,E0000869,860000.0,0.19,2025-01-06,,0.0,2025-10-06,9,0,Fair,1.7166,0.1528,Microfinance,0,116.8,0,False,
L00000459,NGF000619,E0000874,171000.0,0.24,2024-02-11,True,136800.0,2025-11-11,21,18,Non-creditworthy,0.1945,0.4291,Cooperative,2,6.8,3,False,
L00000460,NGF000619,E0000874,315000.0,0.17,2025-01-11,,0.0,2025-04-11,3,0,Very Good,0.3584,0.4291,Cooperative,0,6.8,1,False,
L00000461,NGF000620,E0000876,285000.0,0.16,2025-03-18,,0.0,2027-03-18,24,0,Good,2.2093,0.1163,Fintech Platform,0,68.7,1,False,
L00000462,NGF000621,E0000878,319000.0,0.15,2024-06-25,True,153120.0,2027-03-25,33,27,Non-creditworthy,0.493,0.0527,Cooperative,2,114.5,1,True,Illness
L00000463,NGF000621,E0000878,375000.0,0.34,2025-03-14,,0.0,2027-03-14,24,0,Poor,0.5796,0.0527,Cooperative,0,114.5,2,False,
L00000464,NGF000622,E0000879,495000.0,0.12,2025-02-15,,0.0,2025-11-15,9,0,Good,0.5518,0.1812,Microfinance,0,7.7,2,False,
L00000465,NGF000623,E0000881,640000.0,0.23,2025-03-16,,0.0,2027-03-16,24,0,Fair,4.8485,0.0535,BOA,0,78.2,0,False,
L00000466,NGF000626,E0000884,625000.0,0.21,2025-01-16,,0.0,2026-07-16,18,0,Fair,8.6806,0.0389,Cooperative,0,56.1,2,False,
L00000467,NGF000627,E0000885,258000.0,0.24,2023-12-11,True,229620.0,2025-11-11,23,21,Creditworthy,0.8958,0.1158,Microfinance,4,69.2,1,False,
L00000468,NGF000627,E0000885,380000.0,0.14,2025-02-13,,0.0,2026-08-13,18,0,Very Good,1.3194,0.1158,Cooperative,0,69.2,1,False,
L00000469,NGF000628,E0000886,245000.0,0.12,2025-01-06,,0.0,2027-01-06,24,0,Poor,1.9919,0.1316,Bank,0,134.5,2,False,
L00000470,NGF000629,E0000887,250000.0,0.32,2023-09-15,True,187500.0,2025-09-15,24,21,Non-creditworthy,0.4579,0.291,BOA,2,63.8,2,False,
L00000471,NGF000631,E0000890,1750000.0,0.21,2025-01-20,,0.0,2027-01-20,24,0,Fair,2.8878,0.1368,BOA,0,26.1,0,False,
L00000472,NGF000632,E0000892,770000.0,0.24,2025-05-07,,0.0,2026-02-07,9,0,Fair,12.8333,0.0214,Fintech Platform,0,58.8,0,False,
L00000473,NGF000636,E0000898,190000.0,0.3,2025-03-07,,0.0,2027-03-07,24,0,Fair,1.3768,0.1567,Bank,0,1.9,0,False,
L00000474,NGF000638,E0000902,385000.0,0.31,2025-01-29,,0.0,2025-10-29,9,0,Poor,4.3258,0.034,Cooperative,0,95.7,1,False,
L00000475,NGF000640,E0000904,965000.0,0.22,2025-01-27,,0.0,2026-01-27,12,0,Good,3.6692,0.5556,Fintech Platform,0,25.8,0,False,
L00000476,NGF000642,E0000907,705000.0,0.12,2025-01-08,,0.0,2025-10-08,9,0,Good,7.1212,0.0401,Fintech Platform,0,40.4,0,False,
L00000477,NGF000643,E0000908,450000.0,0.21,2025-02-25,,0.0,2026-08-25,18,0,Very Good,0.5474,0.6259,Cooperative,0,142.4,1,False,
L00000478,NGF000647,E0000913,40000.0,0.31,2024-05-10,False,40000.0,2027-05-10,36,35,Creditworthy,0.4444,0.2386,BOA,0,74.1,3,False,
L00000479,NGF000648,E0000915,395000.0,0.29,2025-01-27,,0.0,2026-01-27,12,0,Poor,1.254,0.0363,Cooperative,0,61.2,0,False,
L00000480,NGF000649,E0000916,265000.0,0.12,2025-04-02,,0.0,2025-10-02,6,0,Good,4.2063,0.0411,Bank,0,92.2,1,False,
L00000481,NGF000650,E0000917,496000.0,0.36,2024-04-03,False,367040.0,2026-08-03,28,25,Non-creditworthy,0.3354,0.3277,BOA,3,73.0,0,False,
L00000482,NGF000654,E0000922,235000.0,0.28,2025-04-30,,0.0,2025-10-30,6,0,Poor,0.5065,0.5,BOA,0,75.9,0,False,
L00000483,NGF000655,E0000924,405000.0,0.2,2025-01-02,,0.0,2025-10-02,9,0,Fair,0.6368,0.4124,Fintech Platform,0,51.0,1,False,
L00000484,NGF000657,E0000926,305000.0,0.26,2025-01-16,,0.0,2027-01-16,24,0,Fair,0.194,0.456,BOA,0,2.4,0,False,
L00000485,NGF000658,E0000927,105000.0,0.24,2025-01-04,,0.0,2026-07-04,18,0,Good,1.5909,0.2925,Fintech Platform,0,22.9,1,False,
L00000486,NGF000659,E0000929,235000.0,0.12,2025-02-19,,0.0,2025-05-19,3,0,Very Good,1.2434,0.1415,Cooperative,0,94.0,0,False,
L00000487,NGF000660,E0000931,225000.0,0.11,2025-02-11,,0.0,2026-02-11,12,0,Fair,0.6944,0.2194,Fintech Platform,0,122.3,0,False,
L00000488,NGF000661,E0000932,229000.0,0.21,2022-12-26,False,183200.0,2024-09-26,21,21,Creditworthy,1.1804,0.0213,Bank,1,90.8,1,False,
L00000489,NGF000662,E0000934,307000.0,0.39,2024-09-06,False,135080.0,2027-05-06,32,28,Non-creditworthy,0.5717,0.0505,Microfinance,0,94.3,3,True,Low Yield
L00000490,NGF000662,E0000934,2020000.0,0.12,2025-04-29,,0.0,2026-01-29,9,0,Very Poor,3.7616,0.0505,BOA,0,94.3,1,False,
L00000491,NGF000663,E0000935,3280000.0,0.32,2025-04-13,,0.0,2026-10-13,18,0,Good,4.6924,0.046,BOA,0,43.3,0,False,
L00000492,NGF000666,E0000940,2490000.0,0.27,2025-03-24,,0.0,2025-06-24,3,0,Poor,2.7946,0.0451,Microfinance,0,59.8,1,False,
L00000493,NGF000667,E0000941,81000.0,0.13,2022-10-27,False,69660.0,2023-12-27,14,13,Creditworthy,1.1739,0.0275,Bank,4,86.6,0,False,
L00000494,NGF000667,E0000941,120000.0,0.17,2025-02-25,,0.0,2026-02-25,12,0,Excellent,1.7391,0.0275,Microfinance,0,86.6,0,False,
L00000495,NGF000668,E0000942,430000.0,0.3,2025-02-16,,0.0,2025-11-16,9,0,Good,0.9685,0.1263,Bank,0,74.0,1,False,
L00000496,NGF000671,E0000947,52000.0,0.15,2023-08-18,True,30160.0,2026-02-18,30,29,Non-creditworthy,0.4952,0.126,Cooperative,4,141.3,3,False,
L00000497,NGF000671,E0000947,40000.0,0.24,2025-01-24,,0.0,2026-01-24,12,0,Good,0.381,0.126,Microfinance,0,141.3,2,False,
L00000498,NGF000672,E0000949,142000.0,0.18,2022-07-21,True,73840.0,2024-02-21,19,17,Non-creditworthy,0.2801,0.2293,Microfinance,3,88.0,0,True,Illness
L00000499,NGF000672,E0000949,550000.0,0.29,2025-02-16,,0.0,2025-11-16,9,0,Poor,1.0848,0.2293,Fintech Platform,0,88.0,1,False,
L00000500,NGF000673,E0000950,895000.0,0.33,2025-03-23,,0.0,2025-09-23,6,0,Good,3.7764,0.023,Fintech Platform,0,115.4,2,False,
L00000501,NGF000674,E0000951,30000.0,0.33,2025-05-05,,0.0,2026-11-05,18,0,Very Good,0.625,0.1351,Microfinance,0,88.6,0,False,
L00000502,NGF000675,E0000952,240000.0,0.31,2025-05-01,,0.0,2026-11-01,18,0,Good,8.0,0.0305,Fintech Platform,0,19.2,0,False,
L00000503,NGF000676,E0000953,260000.0,0.21,2025-03-30,,0.0,2027-03-30,24,0,Fair,0.2634,0.0289,Fintech Platform,0,31.4,0,False,
L00000504,NGF000677,E0000954,205000.0,0.23,2025-01-13,,0.0,2026-01-13,12,0,Poor,0.3584,0.0565,Microfinance,0,20.1,1,False,
L00000505,NGF000678,E0000956,29000.0,0.15,2022-10-27,False,14790.0,2024-05-27,19,17,Non-creditworthy,0.7436,0.0408,Cooperative,0,42.3,1,True,Diversion of Funds
L00000506,NGF000678,E0000956,45000.0,0.35,2025-04-08,,0.0,2026-04-08,12,0,Poor,1.1538,0.0408,Microfinance,0,42.3,1,False,
L00000507,NGF000679,E0000958,312000.0,0.22,2024-11-20,False,218400.0,2025-09-20,10,10,Non-creditworthy,0.5591,0.1167,Microfinance,0,88.8,2,False,
L00000508,NGF000679,E0000958,1825000.0,0.12,2025-04-15,,0.0,2026-04-15,12,0,Poor,3.2706,0.1167,BOA,0,88.8,1,False,
L00000509,NGF000684,E0000967,1430000.0,0.2,2025-01-04,,0.0,2026-07-04,18,0,Poor,6.4706,0.0445,Bank,0,6.0,2,False,
L00000510,NGF000685,E0000969,1190000.0,0.18,2025-05-03,,0.0,2025-11-03,6,0,Good,1.0625,0.4032,Microfinance,0,55.0,0,False,
L00000511,NGF000686,E0000970,23000.0,0.14,2024-07-16,False,15180.0,2026-06-16,23,23,Non-creditworthy,0.2018,0.4474,Microfinance,4,12.1,3,False,
L00000512,NGF000688,E0000974,85000.0,0.17,2025-04-22,,0.0,2026-10-22,18,0,Poor,0.8586,0.2384,Cooperative,0,13.2,0,False,
L00000513,NGF000689,E0000975,205000.0,0.29,2025-02-16,,0.0,2025-05-16,3,0,Poor,0.3761,0.4892,Microfinance,0,64.3,0,False,
L00000514,NGF000690,E0000976,295000.0,0.25,2025-01-28,,0.0,2027-01-28,24,0,Fair,0.6385,0.2781,BOA,0,3.2,1,False,
L00000515,NGF000691,E0000977,95000.0,0.21,2025-02-26,,0.0,2026-02-26,12,0,Very Good,0.0865,0.0325,Fintech Platform,0,130.3,1,False,
L00000516,NGF000694,E0000980,200000.0,0.27,2025-03-25,,0.0,2026-03-25,12,0,Good,3.3333,0.0947,Bank,0,80.6,1,False,
L00000517,NGF000695,E0000981,885000.0,0.11,2025-01-01,,0.0,2025-04-01,3,0,Fair,6.0616,0.036,Fintech Platform,0,99.4,0,False,
L00000518,NGF000696,E0000983,780000.0,0.35,2025-04-30,,0.0,2026-01-30,9,0,Fair,1.6456,0.2626,Bank,0,76.5,0,False,
L00000519,NGF000698,E0000985,335000.0,0.34,2025-03-10,,0.0,2025-06-10,3,0,Fair,2.9386,0.1534,BOA,0,146.6,2,False,
L00000520,NGF000699,E0000987,210000.0,0.24,2025-02-16,,0.0,2025-11-16,9,0,Fair,0.3339,0.0305,Fintech Platform,0,134.4,2,False,
L00000521,NGF000701,E0000990,750000.0,0.25,2025-04-21,,0.0,2026-01-21,9,0,Fair,1.0917,0.5276,Fintech Platform,0,27.0,1,False,
L00000522,NGF000702,E0000992,85000.0,0.12,2025-03-22,,0.0,2025-12-22,9,0,Very Good,0.2168,0.1907,Fintech Platform,0,50.1,0,False,
L00000523,NGF000705,E0000996,163000.0,0.35,2023-02-22,False,114100.0,2025-10-22,32,26,Non-creditworthy,0.0322,0.0292,Microfinance,0,47.9,3,False,
L00000524,NGF000706,E0000997,63000.0,0.22,2025-03-05,True,55440.0,2027-02-05,23,19,Creditworthy,0.2258,0.2108,BOA,2,83.1,0,False,
L00000525,NGF000707,E0000998,565000.0,0.16,2025-01-17,,0.0,2026-01-17,12,0,Good,7.2436,0.0205,Cooperative,0,102.3,1,False,
L00000526,NGF000709,E0001000,275000.0,0.25,2025-04-12,,0.0,2027-04-12,24,0,Fair,0.8929,0.3899,Microfinance,0,149.4,0,False,
L00000527,NGF000710,E0001002,125000.0,0.15,2025-03-12,,0.0,2025-06-12,3,0,Poor,0.2023,0.2312,Bank,0,79.5,0,False,
L00000528,NGF000715,E0001008,240000.0,0.23,2022-08-21,True,192000.0,2025-06-21,34,29,Creditworthy,0.9677,0.042,BOA,4,59.6,3,False,
L00000529,NGF000715,E0001008,1280000.0,0.28,2025-04-13,,0.0,2026-04-13,12,0,Excellent,5.1613,0.042,Cooperative,0,59.6,1,False,
L00000530,NGF000716,E0001009,615000.0,0.34,2025-04-16,,0.0,2025-10-16,6,0,Very Good,0.7795,0.3134,Cooperative,0,94.8,0,False,
L00000531,NGF000718,E0001012,1445000.0,0.3,2025-04-09,,0.0,2026-04-09,12,0,Poor,1.4552,0.0612,BOA,0,135.6,2,False,
L00000532,NGF000719,E0001014,1760000.0,0.15,2025-04-09,,0.0,2026-01-09,9,0,Good,3.4921,0.0358,BOA,0,84.5,1,False,
L00000533,NGF000720,E0001015,605000.0,0.1,2025-04-18,,0.0,2025-07-18,3,0,Fair,1.622,0.0304,Fintech Platform,0,96.0,2,False,
L00000534,NGF000725,E0001022,500000.0,0.31,2025-01-04,,0.0,2025-04-04,3,0,Poor,0.4517,0.0402,Microfinance,0,52.7,0,False,
L00000535,NGF000732,E0001033,373000.0,0.16,2024-01-04,True,272290.0,2024-12-04,11,11,Non-creditworthy,0.4317,0.0501,Informal Lender,0,24.1,3,False,
L00000536,NGF000732,E0001033,20000.0,0.34,2025-04-02,,0.0,2025-10-02,6,0,Fair,0.0231,0.0501,Fintech Platform,0,24.1,2,False,
L00000537,NGF000733,E0001035,4795000.0,0.24,2025-01-09,,0.0,2026-07-09,18,0,Very Good,4.4275,0.0207,Fintech Platform,0,83.1,0,False,
L00000538,NGF000735,E0001038,162000.0,0.21,2025-01-19,True,93960.0,2028-01-19,36,32,Non-creditworthy,1.3966,0.0632,Cooperative,2,27.3,2,False,
L00000539,NGF000736,E0001039,26000.0,0.34,2023-12-29,True,21320.0,2026-07-29,31,25,Creditworthy,0.2549,0.1914,Bank,3,17.9,1,False,
L00000540,NGF000736,E0001039,75000.0,0.17,2025-03-14,,0.0,2025-09-14,6,0,Good,0.7353,0.1914,Microfinance,0,17.9,0,False,
L00000541,NGF000737,E0001040,710000.0,0.33,2025-02-19,,0.0,2025-11-19,9,0,Very Poor,0.6629,0.2614,Fintech Platform,0,59.6,0,False,
L00000542,NGF000739,E0001043,395000.0,0.34,2025-01-04,,0.0,2025-07-04,6,0,Excellent,4.2935,0.0434,BOA,0,10.7,2,False,
L00000543,NGF000740,E0001045,38000.0,0.2,2023-11-13,False,28880.0,2025-06-13,19,18,Non-creditworthy,0.4222,0.2672,Cooperative,0,59.4,0,False,
L00000544,NGF000740,E0001045,35000.0,0.33,2025-01-14,,0.0,2026-01-14,12,0,Good,0.3889,0.2672,Fintech Platform,0,59.4,0,False,
L00000545,NGF000741,E0001046,145000.0,0.23,2025-03-08,,0.0,2025-09-08,6,0,Fair,0.0946,0.4578,Fintech Platform,0,42.0,0,False,
L00000546,NGF000742,E0001047,520000.0,0.17,2025-02-16,,0.0,2025-05-16,3,0,Fair,0.5902,0.5052,Bank,0,49.6,1,False,
L00000547,NGF000744,E0001049,255000.0,0.17,2025-02-21,True,155550.0,2025-12-21,10,10,Non-creditworthy,0.9341,0.0592,Bank,4,22.2,3,False,
L00000548,NGF000744,E0001049,880000.0,0.3,2025-05-02,,0.0,2025-08-02,3,0,Good,3.2234,0.0592,Microfinance,0,22.2,0,False,
L00000549,NGF000745,E0001051,20000.0,0.38,2022-10-16,False,12600.0,2025-04-16,30,27,Non-creditworthy,0.6667,0.2258,Microfinance,0,19.4,2,False,
L00000550,NGF000748,E0001054,630000.0,0.32,2025-04-23,,0.0,2026-01-23,9,0,Excellent,1.6279,0.0266,Cooperative,0,30.4,1,False,
L00000551,NGF000749,E0001055,130000.0,0.4,2023-10-06,False,102700.0,2026-01-06,27,23,Non-creditworthy,2.1667,0.1,Cooperative,0,36.8,1,False,
L00000552,NGF000750,E0001057,283000.0,0.16,2022-12-01,True,158480.0,2025-01-01,25,24,Non-creditworthy,0.6836,0.0287,Cooperative,3,84.9,3,False,
L00000553,NGF000752,E0001060,85000.0,0.3,2025-01-09,,0.0,2027-01-09,24,0,Fair,2.8333,0.2292,BOA,0,98.2,0,False,
L00000554,NGF000755,E0001063,110000.0,0.15,2025-03-10,,0.0,2025-12-10,9,0,Fair,0.2236,0.4133,Microfinance,0,123.0,2,False,
L00000555,NGF000756,E0001064,1540000.0,0.31,2025-04-17,,0.0,2026-10-17,18,0,Poor,4.8889,0.111,BOA,0,148.7,2,False,
L00000556,NGF000758,E0001066,2235000.0,0.14,2025-03-07,,0.0,2025-06-07,3,0,Fair,2.5601,0.0268,BOA,0,50.5,0,False,
L00000557,NGF000759,E0001067,400000.0,0.23,2025-05-05,,0.0,2026-05-05,12,0,Poor,0.4315,0.0428,Microfinance,0,108.3,0,False,
L00000558,NGF000762,E0001073,340000.0,0.34,2025-02-03,,0.0,2025-11-03,9,0,Excellent,3.7778,0.2619,Microfinance,0,1.7,0,False,
L00000559,NGF000765,E0001077,95000.0,0.15,2025-04-01,,0.0,2026-01-01,9,0,Excellent,0.2969,0.375,Cooperative,0,76.6,1,False,
L00000560,NGF000767,E0001080,145000.0,0.18,2025-04-03,,0.0,2026-04-03,12,0,Poor,0.1973,0.2749,Bank,0,88.0,2,False,
L00000561,NGF000769,E0001084,1515000.0,0.26,2025-05-03,,0.0,2025-08-03,3,0,Fair,21.9565,0.0231,Microfinance,0,72.7,0,False,
L00000562,NGF000770,E0001085,1880000.0,0.18,2025-02-05,,0.0,2026-02-05,12,0,Very Good,7.5502,0.0403,BOA,0,84.9,0,False,
L00000563,NGF000771,E0001086,216000.0,0.26,2022-12-03,False,198720.0,2025-07-03,31,29,Creditworthy,2.6667,0.0192,Cooperative,4,7.4,3,False,
L00000564,NGF000772,E0001087,277000.0,0.4,2022-08-14,True,207750.0,2024-06-14,22,20,Non-creditworthy,0.7214,0.0351,BOA,3,13.4,2,False,
L00000565,NGF000772,E0001087,2640000.0,0.24,2025-03-30,,0.0,2026-03-30,12,0,Fair,6.875,0.0351,Microfinance,0,13.4,2,False,
L00000566,NGF000773,E0001089,29000.0,0.3,2022-07-04,False,15370.0,2025-02-04,31,28,Non-creditworthy,0.2014,0.1932,Informal Lender,1,125.1,1,True,Illness
L00000567,NGF000774,E0001090,705000.0,0.14,2025-02-26,,0.0,2026-08-26,18,0,Fair,1.175,0.4417,Cooperative,0,144.3,2,False,
L00000568,NGF000775,E0001091,20000.0,0.34,2025-02-09,,0.0,2027-02-09,24,0,Good,0.0247,0.2159,Fintech Platform,0,40.4,1,False,
L00000569,NGF000776,E0001092,263000.0,0.12,2022-07-15,False,184100.0,2023-06-15,11,9,Non-creditworthy,0.8349,0.0293,BOA,3,96.7,0,False,
L00000570,NGF000779,E0001096,460000.0,0.17,2025-02-08,,0.0,2025-08-08,6,0,Fair,4.1818,0.0408,Fintech Platform,0,89.3,1,False,
L00000571,NGF000780,E0001097,306000.0,0.27,2022-07-12,False,201960.0,2023-12-12,17,17,Non-creditworthy,0.5795,0.1381,Microfinance,3,72.9,3,False,
L00000572,NGF000780,E0001097,585000.0,0.33,2025-03-03,,0.0,2026-03-03,12,0,Fair,1.108,0.1381,Bank,0,72.9,1,False,
L00000573,NGF000781,E0001099,291000.0,0.14,2023-09-01,True,160050.0,2025-02-01,17,16,Non-creditworthy,0.6424,0.0516,Bank,1,20.3,2,True,Market Loss
L00000574,NGF000781,E0001099,1210000.0,0.13,2025-04-11,,0.0,2026-10-11,18,0,Poor,2.6711,0.0516,Bank,0,20.3,2,False,
L00000575,NGF000783,E0001102,1025000.0,0.11,2025-03-19,,0.0,2027-03-19,24,0,Good,1.7826,0.0318,Fintech Platform,0,26.4,1,False,
L00000576,NGF000786,E0001105,870000.0,0.29,2025-04-16,,0.0,2025-10-16,6,0,Very Good,1.5508,0.424,Cooperative,0,28.6,0,False,
L00000577,NGF000788,E0001107,420000.0,0.33,2025-04-02,,0.0,2026-10-02,18,0,Fair,1.377,0.0277,Microfinance,0,87.5,1,False,
L00000578,NGF000793,E0001114,170000.0,0.26,2025-02-19,,0.0,2027-02-19,24,0,Poor,1.0692,0.2167,Microfinance,0,97.1,2,False,
L00000579,NGF000795,E0001117,234000.0,0.15,2022-07-03,False,121680.0,2023-06-03,11,10,Non-creditworthy,1.0734,0.0383,Cooperative,0,64.7,1,True,Diversion of Funds
L00000580,NGF000795,E0001117,695000.0,0.19,2025-05-06,,0.0,2026-05-06,12,0,Very Poor,3.1881,0.0383,Bank,0,64.7,0,False,
L00000581,NGF000796,E0001119,165000.0,0.12,2025-02-07,,0.0,2025-11-07,9,0,Good,1.6667,0.0221,BOA,0,61.0,0,False,
L00000582,NGF000797,E0001120,130000.0,0.13,2025-02-25,,0.0,2027-02-25,24,0,Poor,2.1667,0.0324,Microfinance,0,87.6,1,False,
L00000583,NGF000798,E0001121,297000.0,0.28,2023-11-13,False,207900.0,2024-11-13,12,10,Non-creditworthy,0.6111,0.0909,Cooperative,2,104.9,3,False,
L00000584,NGF000801,E0001126,455000.0,0.17,2025-01-10,,0.0,2026-01-10,12,0,Excellent,0.8667,0.3128,Microfinance,0,9.2,2,False,
L00000585,NGF000802,E0001128,1060000.0,0.28,2025-03-06,,0.0,2025-06-06,3,0,Fair,1.1509,0.582,Fintech Platform,0,13.0,1,False,
L00000586,NGF000804,E0001131,20000.0,0.34,2023-07-06,False,15400.0,2024-06-06,11,11,Non-creditworthy,0.129,0.2215,BOA,1,100.0,3,False,
L00000587,NGF000804,E0001131,95000.0,0.32,2025-01-25,,0.0,2027-01-25,24,0,Poor,0.6129,0.2215,Fintech Platform,0,100.0,2,False,
L00000588,NGF000807,E0001134,50000.0,0.11,2025-03-13,,0.0,2025-12-13,9,0,Fair,0.5208,0.208,Fintech Platform,0,118.3,0,False,
L00000589,NGF000808,E0001136,870000.0,0.17,2025-03-26,,0.0,2025-09-26,6,0,Poor,1.2083,0.2508,BOA,0,98.3,0,False,
L00000590,NGF000810,E0001139,375000.0,0.15,2025-03-19,,0.0,2027-03-19,24,0,Fair,0.387,0.1869,Bank,0,95.0,1,False,
L00000591,NGF000811,E0001140,245000.0,0.28,2025-03-27,,0.0,2027-03-27,24,0,Poor,2.2685,0.0581,BOA,0,45.0,1,False,
L00000592,NGF000812,E0001142,242000.0,0.29,2023-12-29,False,169400.0,2024-08-29,8,7,Non-creditworthy,0.386,0.197,Microfinance,1,54.2,2,False,
L00000593,NGF000812,E0001142,185000.0,0.31,2025-03-07,,0.0,2026-03-07,12,0,Poor,0.2951,0.197,Cooperative,0,54.2,0,False,
L00000594,NGF000813,E0001143,275000.0,0.34,2025-02-06,,0.0,2027-02-06,24,0,Poor,0.6279,0.2287,Cooperative,0,102.8,0,True,Predicted Low Yield
L00000595,NGF000814,E0001144,365000.0,0.11,2025-04-07,,0.0,2026-10-07,18,0,Good,1.3225,0.166,BOA,0,73.4,2,False,
L00000596,NGF000815,E0001146,1005000.0,0.29,2025-04-07,,0.0,2026-04-07,12,0,Fair,1.0502,0.3088,Microfinance,0,87.5,0,False,
L00000597,NGF000816,E0001147,870000.0,0.27,2025-03-13,,0.0,2026-03-13,12,0,Good,3.0526,0.1115,Fintech Platform,0,42.6,1,False,
L00000598,NGF000817,E0001148,31000.0,0.12,2024-07-22,True,12710.0,2026-08-22,25,21,Non-creditworthy,0.2583,0.3099,Microfinance,1,61.1,2,True,Low Yield
L00000599,NGF000817,E0001148,105000.0,0.29,2025-02-21,,0.0,2025-11-21,9,0,Very Poor,0.875,0.3099,Fintech Platform,0,61.1,2,True,Predicted Market Loss
L00000600,NGF000818,E0001150,1325000.0,0.22,2025-01-17,,0.0,2025-10-17,9,0,Fair,0.956,0.4421,Fintech Platform,0,75.9,1,False,
L00000601,NGF000820,E0001154,95000.0,0.27,2025-03-24,,0.0,2026-03-24,12,0,Good,0.7917,0.5217,BOA,0,33.7,2,False,
L00000602,NGF000822,E0001157,2735000.0,0.13,2025-01-16,,0.0,2025-10-16,9,0,Fair,6.6545,0.0441,Cooperative,0,3.8,0,False,
L00000603,NGF000823,E0001159,1280000.0,0.3,2025-03-25,,0.0,2026-09-25,18,0,Excellent,4.9042,0.0339,BOA,0,85.2,0,False,
L00000604,NGF000824,E0001160,24000.0,0.34,2024-11-28,False,12720.0,2026-06-28,19,18,Non-creditworthy,0.16,0.975,Bank,4,94.9,2,True,Illness
L00000605,NGF000825,E0001161,610000.0,0.17,2025-02-05,,0.0,2025-08-05,6,0,Excellent,1.9365,0.2049,Cooperative,0,87.9,1,False,
L00000606,NGF000826,E0001162,310000.0,0.34,2024-09-01,False,198400.0,2025-10-01,13,12,Non-creditworthy,0.5616,0.0387,BOA,3,6.2,3,False,
L00000607,NGF000827,E0001164,1390000.0,0.12,2025-02-27,,0.0,2026-08-27,18,0,Fair,3.5641,0.0461,Cooperative,0,14.6,2,False,
L00000608,NGF000828,E0001165,1695000.0,0.31,2025-03-04,,0.0,2025-09-04,6,0,Fair,1.4268,0.0397,Bank,0,95.2,0,False,
L00000609,NGF000829,E0001167,30000.0,0.2,2025-01-20,,0.0,2025-04-20,3,0,Very Good,0.0455,0.3037,Bank,0,64.9,0,False,
L00000610,NGF000830,E0001169,232000.0,0.28,2022-09-09,False,150800.0,2024-02-09,17,16,Non-creditworthy,1.11,0.0233,Cooperative,4,41.3,3,False,
L00000611,NGF000831,E0001170,3255000.0,0.32,2025-03-05,,0.0,2025-12-05,9,0,Poor,3.1358,0.0223,BOA,0,60.2,1,False,
L00000612,NGF000835,E0001175,429000.0,0.2,2025-02-27,False,343200.0,2026-07-27,17,15,Creditworthy,0.3753,0.6106,Informal Lender,3,77.9,3,False,
L00000613,NGF000835,E0001175,675000.0,0.34,2025-02-27,,0.0,2026-08-27,18,0,Fair,0.5906,0.6106,BOA,0,77.9,2,False,
L00000614,NGF000836,E0001177,65000.0,0.15,2025-03-01,,0.0,2025-09-01,6,0,Very Good,1.0317,0.2194,Bank,0,24.4,2,False,
L00000615,NGF000837,E0001179,155000.0,0.13,2025-03-28,,0.0,2025-09-28,6,0,Fair,0.1677,0.4426,Microfinance,0,135.0,2,False,
L00000616,NGF000838,E0001180,3065000.0,0.33,2025-04-28,,0.0,2025-07-28,3,0,Fair,4.0867,0.112,BOA,0,62.7,0,False,
L00000617,NGF000839,E0001181,965000.0,0.18,2025-03-24,,0.0,2025-09-24,6,0,Poor,0.9461,0.8325,Cooperative,0,92.9,0,False,
L00000618,NGF000840,E0001183,360000.0,0.13,2025-02-02,,0.0,2025-08-02,6,0,Fair,7.5,0.0271,Cooperative,0,67.3,2,False,
L00000619,NGF000841,E0001185,300000.0,0.29,2025-03-28,,0.0,2025-12-28,9,0,Fair,1.1364,0.2016,BOA,0,83.8,0,False,
L00000620,NGF000842,E0001186,270000.0,0.32,2025-03-10,,0.0,2025-06-10,3,0,Poor,0.4891,0.2927,Cooperative,0,41.9,1,False,
L00000621,NGF000845,E0001192,150000.0,0.13,2025-03-28,,0.0,2025-12-28,9,0,Good,1.25,0.1449,BOA,0,71.9,1,False,
L00000622,NGF000846,E0001193,2320000.0,0.1,2025-01-09,,0.0,2027-01-09,24,0,Excellent,2.8019,0.0406,Fintech Platform,0,76.0,2,False,
L00000623,NGF000847,E0001194,10430000.0,0.15,2025-03-10,,0.0,2025-12-10,9,0,Fair,15.6607,0.0193,Microfinance,0,73.2,2,False,
L00000624,NGF000848,E0001195,141000.0,0.26,2024-12-18,True,97290.0,2025-07-18,7,6,Non-creditworthy,0.1626,0.3583,Cooperative,0,77.4,2,False,
L00000625,NGF000848,E0001195,300000.0,0.25,2025-03-26,,0.0,2025-12-26,9,0,Poor,0.346,0.3583,Fintech Platform,0,77.4,1,False,
L00000626,NGF000850,E0001199,40000.0,0.23,2025-02-23,,0.0,2027-02-23,24,0,Poor,0.2116,0.4,Microfinance,0,95.6,0,False,
L00000627,NGF000852,E0001201,305000.0,0.2,2025-05-05,,0.0,2027-05-05,24,0,Fair,0.8005,0.2339,Fintech Platform,0,71.6,0,False,
L00000628,NGF000855,E0001206,46000.0,0.33,2022-08-05,True,23920.0,2024-09-05,25,22,Non-creditworthy,0.451,0.4825,Microfinance,4,4.2,1,True,Diversion of Funds
L00000629,NGF000855,E0001206,125000.0,0.1,2025-01-15,,0.0,2025-07-15,6,0,Poor,1.2255,0.4825,Bank,0,4.2,0,True,Predicted Low Yield
L00000630,NGF000856,E0001207,330000.0,0.19,2025-05-04,,0.0,2026-02-04,9,0,Good,2.9204,0.1074,Fintech Platform,0,37.3,2,False,
L00000631,NGF000857,E0001208,125000.0,0.11,2025-03-20,,0.0,2027-03-20,24,0,Good,1.6026,0.3457,BOA,0,74.2,0,False,
L00000632,NGF000860,E0001213,105000.0,0.34,2025-03-12,,0.0,2026-03-12,12,0,Fair,1.1667,0.4722,Fintech Platform,0,117.2,0,False,
L00000633,NGF000861,E0001214,195000.0,0.34,2025-04-10,,0.0,2025-07-10,3,0,Fair,0.9286,0.1408,Cooperative,0,48.4,0,False,
L00000634,NGF000863,E0001218,188000.0,0.16,2025-03-28,True,99640.0,2026-01-28,10,9,Non-creditworthy,1.4351,0.0699,Cooperative,4,127.4,2,True,Illness
L00000635,NGF000863,E0001218,85000.0,0.18,2025-02-01,,0.0,2026-02-01,12,0,Poor,0.6489,0.0699,Microfinance,0,127.4,0,False,
L00000636,NGF000864,E0001219,34000.0,0.33,2022-06-25,True,25500.0,2025-01-25,31,27,Non-creditworthy,0.2061,0.8611,Cooperative,4,25.7,2,False,
L00000637,NGF000864,E0001219,110000.0,0.25,2025-01-28,,0.0,2026-01-28,12,0,Good,0.6667,0.8611,Microfinance,0,25.7,2,False,
L00000638,NGF000865,E0001220,1225000.0,0.24,2025-04-28,,0.0,2026-10-28,18,0,Good,2.8161,0.0414,BOA,0,24.3,0,False,
L00000639,NGF000866,E0001221,60000.0,0.27,2025-03-27,,0.0,2026-03-27,12,0,Fair,1.5385,0.1585,Fintech Platform,0,58.3,0,False,
L00000640,NGF000869,E0001225,365000.0,0.18,2025-01-07,,0.0,2025-10-07,9,0,Fair,0.9892,0.5968,Fintech Platform,0,69.0,0,False,
L00000641,NGF000870,E0001226,1145000.0,0.3,2025-01-25,,0.0,2025-07-25,6,0,Excellent,17.3485,0.0194,Fintech Platform,0,140.4,0,False,
L00000642,NGF000871,E0001227,255000.0,0.12,2025-01-14,,0.0,2025-10-14,9,0,Very Good,0.3717,0.0325,Microfinance,0,35.6,2,False,
L00000643,NGF000873,E0001229,100000.0,0.29,2025-02-15,,0.0,2026-08-15,18,0,Good,0.6944,0.2083,Fintech Platform,0,58.2,0,False,
L00000644,NGF000874,E0001230,190000.0,0.19,2025-02-03,False,119700.0,2025-12-03,10,8,Non-creditworthy,0.4008,0.2032,Cooperative,1,9.6,3,False,
L00000645,NGF000874,E0001230,900000.0,0.32,2025-03-13,,0.0,2025-06-13,3,0,Excellent,1.8987,0.2032,Bank,0,9.6,1,False,
L00000646,NGF000876,E0001233,304000.0,0.28,2023-11-21,True,234080.0,2026-07-21,32,30,Non-creditworthy,0.5824,0.323,Cooperative,2,33.0,0,False,
L00000647,NGF000877,E0001235,145000.0,0.35,2025-03-16,,0.0,2026-03-16,12,0,Very Good,2.4167,0.1591,BOA,0,96.2,0,False,
L00000648,NGF000878,E0001236,165000.0,0.12,2025-04-21,,0.0,2026-10-21,18,0,Fair,0.5556,0.1734,Bank,0,23.9,1,False,
L00000649,NGF000879,E0001237,303000.0,0.39,2022-06-27,False,190890.0,2025-04-27,34,28,Non-creditworthy,0.425,0.0493,Cooperative,3,93.6,1,False,
L00000650,NGF000879,E0001237,2235000.0,0.13,2025-04-28,,0.0,2026-10-28,18,0,Very Good,3.1346,0.0493,Fintech Platform,0,93.6,0,False,
L00000651,NGF000880,E0001239,85000.0,0.31,2025-01-30,,0.0,2026-01-30,12,0,Fair,0.6911,0.1921,Microfinance,0,62.6,1,False,
L00000652,NGF000882,E0001242,125000.0,0.11,2025-03-29,,0.0,2027-03-29,24,0,Fair,0.2332,0.5492,BOA,0,5.4,0,False,
L00000653,NGF000883,E0001244,369000.0,0.38,2023-12-05,True,188190.0,2025-05-05,17,14,Non-creditworthy,0.4362,0.1847,Cooperative,0,121.1,1,True,Illness
L00000654,NGF000883,E0001244,1140000.0,0.15,2025-03-14,,0.0,2026-03-14,12,0,Poor,1.3475,0.1847,Bank,0,121.1,0,False,
L00000655,NGF000886,E0001248,205000.0,0.18,2025-03-28,,0.0,2026-09-28,18,0,Good,1.2893,0.1432,Cooperative,0,132.3,1,False,
L00000656,NGF000887,E0001249,130000.0,0.19,2025-01-15,,0.0,2026-07-15,18,0,Very Good,1.0833,0.4812,Fintech Platform,0,46.4,1,False,
L00000657,NGF000890,E0001254,30000.0,0.31,2025-04-22,,0.0,2026-04-22,12,0,Excellent,0.5,0.125,Cooperative,0,28.6,0,False,
L00000658,NGF000894,E0001259,1015000.0,0.33,2025-01-27,,0.0,2025-04-27,3,0,Fair,0.8675,0.2312,Cooperative,0,58.0,1,False,
L00000659,NGF000895,E0001261,45000.0,0.12,2025-04-13,,0.0,2025-07-13,3,0,Good,0.1648,0.2816,Cooperative,0,138.2,0,False,
L00000660,NGF000896,E0001263,196000.0,0.19,2023-11-29,False,164640.0,2025-11-29,24,19,Creditworthy,1.4203,0.2879,BOA,2,78.4,3,False,
L00000661,NGF000896,E0001263,135000.0,0.27,2025-03-19,,0.0,2026-09-19,18,0,Very Good,0.9783,0.2879,Bank,0,78.4,0,False,
L00000662,NGF000897,E0001264,320000.0,0.28,2025-03-03,,0.0,2026-09-03,18,0,Poor,1.3169,0.3175,BOA,0,79.5,2,False,
L00000663,NGF000900,E0001269,20940000.0,0.17,2025-05-07,,0.0,2025-11-07,6,0,Good,16.8193,0.0226,BOA,0,49.7,1,False,
L00000664,NGF000901,E0001270,5425000.0,0.15,2025-02-24,,0.0,2026-02-24,12,0,Fair,6.0479,0.055,BOA,0,20.5,0,False,
L00000665,NGF000902,E0001271,1995000.0,0.33,2025-02-18,,0.0,2025-05-18,3,0,Good,3.1971,0.126,Fintech Platform,0,51.4,0,False,
L00000666,NGF000903,E0001272,34000.0,0.18,2022-10-31,True,18700.0,2024-07-31,21,18,Non-creditworthy,0.4533,0.2388,Cooperative,1,68.8,1,True,Illness
L00000667,NGF000906,E0001277,29000.0,0.2,2022-06-17,False,24070.0,2025-06-17,36,31,Creditworthy,0.2358,0.2153,Informal Lender,4,54.8,0,False,
L00000668,NGF000906,E0001277,75000.0,0.21,2025-02-06,,0.0,2025-11-06,9,0,Good,0.6098,0.2153,Bank,0,54.8,1,False,
L00000669,NGF000907,E0001278,460000.0,0.19,2025-04-07,,0.0,2025-10-07,6,0,Fair,0.6581,0.2866,Fintech Platform,0,4.4,0,False,
L00000670,NGF000908,E0001279,48000.0,0.19,2024-07-20,False,23040.0,2025-11-20,16,15,Non-creditworthy,0.254,0.2929,Cooperative,3,5.2,0,True,Illness
L00000671,NGF000908,E0001279,130000.0,0.32,2025-03-17,,0.0,2025-06-17,3,0,Very Poor,0.6878,0.2929,Cooperative,0,5.2,2,True,Predicted Market Loss
L00000672,NGF000912,E0001285,129000.0,0.26,2024-09-26,True,77400.0,2026-01-26,16,16,Non-creditworthy,0.5309,0.1952,Microfinance,0,113.2,3,False,
L00000673,NGF000912,E0001285,255000.0,0.11,2025-01-23,,0.0,2025-04-23,3,0,Poor,1.0494,0.1952,Cooperative,0,113.2,2,False,
L00000674,NGF000913,E0001287,1990000.0,0.12,2025-02-20,,0.0,2026-02-20,12,0,Very Good,1.1358,0.2655,Microfinance,0,88.1,0,False,
L00000675,NGF000914,E0001289,90000.0,0.16,2025-02-20,,0.0,2025-08-20,6,0,Fair,1.5,0.0803,Microfinance,0,77.3,2,False,
L00000676,NGF000915,E0001290,250000.0,0.18,2025-03-28,,0.0,2027-03-28,24,0,Good,0.8772,0.1388,Microfinance,0,12.7,0,False,
L00000677,NGF000916,E0001292,945000.0,0.21,2025-02-11,,0.0,2025-08-11,6,0,Fair,3.6207,0.2012,Fintech Platform,0,86.2,1,False,
L00000678,NGF000918,E0001294,605000.0,0.12,2025-04-29,,0.0,2026-01-29,9,0,Excellent,0.5145,0.166,Cooperative,0,55.5,0,False,
L00000679,NGF000920,E0001297,337000.0,0.33,2023-07-25,False,212310.0,2026-01-25,30,25,Non-creditworthy,0.3384,0.3567,Microfinance,4,63.6,3,False,
L00000680,NGF000921,E0001299,2115000.0,0.18,2025-04-06,,0.0,2026-01-06,9,0,Poor,5.6855,0.0268,BOA,0,70.4,0,False,
L00000681,NGF000922,E0001301,1720000.0,0.27,2025-02-08,,0.0,2026-02-08,12,0,Good,6.9076,0.0404,Bank,0,140.7,0,False,
L00000682,NGF000925,E0001305,255000.0,0.17,2025-01-24,,0.0,2026-07-24,18,0,Very Good,5.3125,0.096,Bank,0,44.8,2,False,
L00000683,NGF000926,E0001307,80000.0,0.25,2025-01-27,,0.0,2026-01-27,12,0,Fair,0.5333,0.75,BOA,0,62.8,2,False,
L00000684,NGF000932,E0001315,155000.0,0.32,2025-01-15,,0.0,2025-10-15,9,0,Fair,1.2917,0.5946,Cooperative,0,62.1,0,False,
L00000685,NGF000934,E0001319,75000.0,0.16,2025-03-29,,0.0,2026-03-29,12,0,Fair,0.431,0.0318,Microfinance,0,148.4,1,False,
L00000686,NGF000938,E0001326,87000.0,0.15,2023-01-31,False,46110.0,2023-12-31,11,11,Non-creditworthy,2.9,0.0396,Microfinance,2,39.7,3,True,Low Yield
L00000687,NGF000939,E0001327,249000.0,0.14,2024-03-29,False,161850.0,2024-09-29,6,5,Non-creditworthy,1.0122,0.0478,BOA,3,41.5,3,False,
L00000688,NGF000939,E0001327,345000.0,0.2,2025-01-18,,0.0,2025-10-18,9,0,Fair,1.4024,0.0478,Bank,0,41.5,2,False,
L00000689,NGF000941,E0001330,264000.0,0.21,2025-04-01,True,134640.0,2025-12-01,8,7,Non-creditworthy,0.8302,0.0447,Cooperative,4,140.3,1,True,Low Yield
L00000690,NGF000942,E0001331,240000.0,0.17,2025-03-04,,0.0,2025-12-04,9,0,Good,0.8081,0.3809,BOA,0,95.5,0,False,
L00000691,NGF000944,E0001335,95000.0,0.34,2025-03-10,False,66500.0,2026-04-10,13,12,Non-creditworthy,0.6738,0.1786,BOA,2,110.8,1,False,
L00000692,NGF000944,E0001335,225000.0,0.16,2025-03-09,,0.0,2025-06-09,3,0,Fair,1.5957,0.1786,Microfinance,0,110.8,0,False,
L00000693,NGF000945,E0001337,90000.0,0.2,2025-01-13,,0.0,2027-01-13,24,0,Poor,0.3125,0.2409,Microfinance,0,99.1,1,False,
L00000694,NGF000946,E0001339,46000.0,0.17,2024-09-08,True,23920.0,2027-01-08,28,24,Non-creditworthy,0.3833,0.4643,Informal Lender,0,91.7,1,True,Low Yield
L00000695,NGF000946,E0001339,135000.0,0.17,2025-04-16,,0.0,2027-04-16,24,0,Poor,1.125,0.4643,Microfinance,0,91.7,2,False,
L00000696,NGF000948,E0001341,160000.0,0.27,2025-02-26,,0.0,2026-02-26,12,0,Excellent,0.3678,0.3349,Microfinance,0,18.9,1,False,
L00000697,NGF000949,E0001342,360000.0,0.35,2023-08-16,False,252000.0,2024-10-16,14,13,Non-creditworthy,0.3607,0.4061,BOA,0,61.7,1,False,
L00000698,NGF000951,E0001345,46000.0,0.3,2023-01-07,False,39100.0,2025-04-07,27,24,Creditworthy,0.377,0.6762,Bank,3,71.5,2,False,
L00000699,NGF000952,E0001347,520000.0,0.25,2025-05-04,,0.0,2026-02-04,9,0,Excellent,0.8889,0.1879,Fintech Platform,0,20.7,2,False,
L00000700,NGF000956,E0001353,225000.0,0.33,2025-02-03,,0.0,2026-08-03,18,0,Very Good,0.2604,0.6734,BOA,0,63.5,0,False,
L00000701,NGF000958,E0001356,1055000.0,0.25,2025-03-12,,0.0,2026-03-12,12,0,Poor,2.791,0.078,Cooperative,0,17.5,1,False,
L00000702,NGF000960,E0001359,145000.0,0.33,2025-04-09,,0.0,2026-01-09,9,0,Very Good,1.1508,0.1933,Fintech Platform,0,46.2,2,False,
L00000703,NGF000962,E0001363,223000.0,0.25,2023-04-21,True,178400.0,2025-12-21,32,29,Non-creditworthy,0.3698,0.1736,Cooperative,2,3.2,0,False,
L00000704,NGF000962,E0001363,120000.0,0.25,2025-01-24,,0.0,2026-07-24,18,0,Very Good,0.199,0.1736,Bank,0,3.2,0,False,
L00000705,NGF000963,E0001365,95000.0,0.2,2025-02-09,,0.0,2025-11-09,9,0,Excellent,0.6738,0.2256,Cooperative,0,47.0,1,False,
L00000706,NGF000965,E0001367,255000.0,0.22,2025-01-27,,0.0,2027-01-27,24,0,Excellent,0.6538,0.2984,Fintech Platform,0,108.1,2,False,
L00000707,NGF000966,E0001369,222000.0,0.27,2023-05-10,False,137640.0,2024-02-10,9,9,Non-creditworthy,2.0,0.0394,Bank,0,67.2,0,False,
L00000708,NGF000966,E0001369,105000.0,0.21,2025-04-06,,0.0,2026-01-06,9,0,Fair,0.9459,0.0394,BOA,0,67.2,2,False,
L00000709,NGF000968,E0001372,75000.0,0.24,2025-01-06,,0.0,2026-01-06,12,0,Poor,0.6098,0.1774,Bank,0,90.8,0,False,
L00000710,NGF000969,E0001373,730000.0,0.3,2025-03-12,,0.0,2026-09-12,18,0,Excellent,1.901,0.0276,Bank,0,27.8,0,False,
L00000711,NGF000970,E0001374,68000.0,0.27,2024-09-14,False,34000.0,2026-06-14,21,20,Non-creditworthy,0.4121,0.3685,Cooperative,1,57.5,3,True,Low Yield
L00000712,NGF000975,E0001380,355000.0,0.36,2024-10-13,False,223650.0,2025-07-13,9,8,Non-creditworthy,0.4569,0.4919,Microfinance,4,103.9,0,False,
L00000713,NGF000976,E0001382,255000.0,0.33,2025-03-13,,0.0,2026-03-13,12,0,Fair,0.5592,0.125,Cooperative,0,144.9,2,False,
L00000714,NGF000977,E0001384,75000.0,0.19,2025-04-01,,0.0,2025-07-01,3,0,Fair,0.8929,0.0249,Microfinance,0,47.3,0,False,
L00000715,NGF000978,E0001385,76000.0,0.37,2024-09-10,False,48640.0,2025-06-10,9,9,Non-creditworthy,0.3897,0.2401,Informal Lender,2,22.6,3,False,
L00000716,NGF000980,E0001387,471000.0,0.15,2022-11-25,True,310860.0,2025-05-25,30,29,Non-creditworthy,0.3481,0.1288,Cooperative,3,1.6,0,False,
L00000717,NGF000980,E0001387,1360000.0,0.21,2025-04-29,,0.0,2026-10-29,18,0,Good,1.0052,0.1288,BOA,0,1.6,2,False,
L00000718,NGF000981,E0001388,315000.0,0.15,2025-01-17,,0.0,2025-04-17,3,0,Good,5.25,0.0855,Cooperative,0,44.4,1,False,
L00000719,NGF000983,E0001391,295000.0,0.3,2022-08-18,True,250750.0,2025-02-18,30,26,Creditworthy,0.6184,0.0411,Bank,3,68.9,1,False,
L00000720,NGF000984,E0001392,70000.0,0.28,2025-03-02,,0.0,2025-06-02,3,0,Fair,2.1212,0.027,Bank,0,114.0,0,False,
L00000721,NGF000985,E0001393,1840000.0,0.15,2025-03-19,,0.0,2025-12-19,9,0,Very Good,2.0862,0.5592,Bank,0,54.4,1,False,
L00000722,NGF000986,E0001394,407000.0,0.34,2024-05-20,False,297110.0,2026-03-20,22,22,Non-creditworthy,0.3932,0.1874,Bank,4,75.1,2,False,
L00000723,NGF000986,E0001394,1255000.0,0.26,2025-04-13,,0.0,2027-04-13,24,0,Poor,1.2126,0.1874,Bank,0,75.1,2,False,
L00000724,NGF000987,E0001395,427000.0,0.3,2024-02-05,False,286090.0,2027-02-05,36,31,Non-creditworthy,0.3397,0.315,Informal Lender,2,53.8,0,False,
L00000725,NGF000987,E0001395,795000.0,0.19,2025-03-21,,0.0,2026-03-21,12,0,Poor,0.6325,0.315,BOA,0,53.8,2,False,
L00000726,NGF000989,E0001399,320000.0,0.31,2025-04-22,,0.0,2026-01-22,9,0,Fair,0.6426,0.5012,Fintech Platform,0,10.0,1,False,
L00000727,NGF000991,E0001403,418000.0,0.34,2022-08-30,False,300960.0,2024-09-30,25,24,Non-creditworthy,0.3838,0.2641,Bank,2,120.0,1,False,
L00000728,NGF000991,E0001403,665000.0,0.25,2025-01-25,,0.0,2026-01-25,12,0,Poor,0.6107,0.2641,Cooperative,0,120.0,2,False,
L00000729,NGF000993,E0001405,337000.0,0.17,2023-09-12,False,185350.0,2025-05-12,20,17,Non-creditworthy,0.3812,0.0332,Bank,2,64.5,2,True,Diversion of Funds
L00000730,NGF000993,E0001405,940000.0,0.13,2025-05-05,,0.0,2026-11-05,18,0,Poor,1.0633,0.0332,BOA,0,64.5,0,False,
L00000731,NGF000994,E0001406,25000.0,0.17,2025-01-15,,0.0,2026-01-15,12,0,Poor,0.2033,0.4519,BOA,0,68.2,2,False,
L00000732,NGF000995,E0001408,1570000.0,0.31,2025-03-29,,0.0,2025-06-29,3,0,Very Good,3.3404,0.0303,Fintech Platform,0,65.0,2,False,
L00000733,NGF000996,E0001409,425000.0,0.23,2025-04-01,,0.0,2026-01-01,9,0,Very Good,0.6054,0.2938,Fintech Platform,0,10.5,2,False,
L00000734,NGF000998,E0001411,300000.0,0.2,2025-04-11,,0.0,2026-10-11,18,0,Poor,0.2817,0.5306,Microfinance,0,4.9,0,False,
L00000735,NGF000999,E0001412,288000.0,0.25,2023-10-25,False,120960.0,2024-11-25,13,12,Non-creditworthy,0.3392,0.7161,Cooperative,1,54.2,1,True,Illness
L00000736,NGF000999,E0001412,335000.0,0.26,2025-01-25,,0.0,2026-07-25,18,0,Poor,0.3946,0.7161,Bank,0,54.2,1,True,Predicted Market Loss
